INSERT INTO `tipo_usuario` VALUES (1,'Administrador');
        
        INSERT INTO `tipo_tercero` VALUES (1,'Tercero');
        INSERT INTO `tipo_tercero` VALUES (2,'Cliente');
        INSERT INTO `tipo_tercero` VALUES (3,'Proveedor');

        INSERT INTO `tipo_pago` VALUES (1,'Credito');
        INSERT INTO `tipo_pago` VALUES (2,'Debito');
        INSERT INTO `tipo_pago` VALUES (3,'Pagado');


        INSERT INTO `tipo_documento` VALUES (1,'Saldos Iniciales');
        INSERT INTO `tipo_documento` VALUES (2,'Factura Compra');
        INSERT INTO `tipo_documento` VALUES (3,'Factua Venta');
        INSERT INTO `tipo_documento` VALUES (4,'Cotizacion');
        INSERT INTO `tipo_documento` VALUES (5,'Abono a Factura');
        INSERT INTO `tipo_documento` VALUES (6,'Ingreso');
        INSERT INTO `tipo_documento` VALUES (7,'Egreso');
        INSERT INTO `tipo_documento` VALUES (8,'Devolucion');

        INSERT INTO `tipo_articulo` VALUES (1,'Articulo');
        INSERT INTO `tipo_articulo` VALUES (2,'Servicio');
        INSERT INTO `tipo_articulo` VALUES (3,'Combo-Kit');

        INSERT INTO `estado` VALUES (1,'Inactivo');
        INSERT INTO `estado` VALUES (2,'Activo');


        INSERT INTO `departamento` VALUES (5,'Antioquia',57);
        INSERT INTO `departamento` VALUES (8,'Atlantico',57);
        INSERT INTO `departamento` VALUES (11,'DISTRITO CAPITAL Bogota D. C.',57);
        INSERT INTO `departamento` VALUES (13,'Bolívar',57);
        INSERT INTO `departamento` VALUES (15,'Boyaca',57);
        INSERT INTO `departamento` VALUES (17,'Caldas',57);
        INSERT INTO `departamento` VALUES (18,'Caqueta',57);
        INSERT INTO `departamento` VALUES (19,'Cauca',57);
        INSERT INTO `departamento` VALUES (20,'Cesar',57);
        INSERT INTO `departamento` VALUES (23,'Cordoba',57);
        INSERT INTO `departamento` VALUES (25,'Cundinamarca',57);
        INSERT INTO `departamento` VALUES (27,'Choco',57);
        INSERT INTO `departamento` VALUES (41,'Huila',57);
        INSERT INTO `departamento` VALUES (44,'La Guajira',57);
        INSERT INTO `departamento` VALUES (47,'Magdalena',57);
        INSERT INTO `departamento` VALUES (50,'Meta',57);
        INSERT INTO `departamento` VALUES (52,'Nariño',57);
        INSERT INTO `departamento` VALUES (54,'Norte de Santander',57);
        INSERT INTO `departamento` VALUES (63,'Quindio',57);
        INSERT INTO `departamento` VALUES (66,'Risaralda',57);
        INSERT INTO `departamento` VALUES (68,'Santander',57);
        INSERT INTO `departamento` VALUES (70,'Sucre',57);
        INSERT INTO `departamento` VALUES (73,'ALPUJARRA Tolima',57);
        INSERT INTO `departamento` VALUES (76,'Valle del Cauca',57);
        INSERT INTO `departamento` VALUES (81,'Arauca',57);
        INSERT INTO `departamento` VALUES (85,'Casanare',57);
        INSERT INTO `departamento` VALUES (86,'Putumayo',57);
        INSERT INTO `departamento` VALUES (88,'Departamento Archipielago de San Andres, Prov',57);
        INSERT INTO `departamento` VALUES (91,'Amazonas',57);
        INSERT INTO `departamento` VALUES (94,'Guainia',57);
        INSERT INTO `departamento` VALUES (95,'Guaviare',57);
        INSERT INTO `departamento` VALUES (97,'Vaupe',57);
        INSERT INTO `departamento` VALUES (99,'Vichada',57);

        INSERT INTO `ciudad` (departamento,nombre) VALUES (5,'MEDELLIN');
        INSERT INTO `ciudad` (departamento,nombre) VALUES (8,'BARRANQUILLA');
        INSERT INTO `ciudad` (departamento,nombre) VALUES (11,'BOGOTA');
        INSERT INTO `ciudad` (departamento,nombre) VALUES (13,'CARTAGENA');
        INSERT INTO `ciudad` (departamento,nombre) VALUES (15,'TUNJA ');
        INSERT INTO `ciudad` (departamento,nombre) VALUES (17,'MANIZALES');
        INSERT INTO `ciudad` (departamento,nombre) VALUES (18,'FLORENCIA');
        INSERT INTO `ciudad` (departamento,nombre) VALUES (19,'POPAYAN ');
        INSERT INTO `ciudad` (departamento,nombre) VALUES (20,'VALLEDUPAR ');
        INSERT INTO `ciudad` (departamento,nombre) VALUES (23,'MONTERIA');
        INSERT INTO `ciudad` (departamento,nombre) VALUES (25,'AGUA DE DIOS ');
        INSERT INTO `ciudad` (departamento,nombre) VALUES (27,'QUIBDO');
        INSERT INTO `ciudad` (departamento,nombre) VALUES (41,'NEIVA');
        INSERT INTO `ciudad` (departamento,nombre) VALUES (44,'RIOHACHA ');
        INSERT INTO `ciudad` (departamento,nombre) VALUES (47,'SANTA MARTA ');
        INSERT INTO `ciudad` (departamento,nombre) VALUES (50,'VILLAVICENCIO ');
        INSERT INTO `ciudad` (departamento,nombre) VALUES (52,'PASTO ');
        INSERT INTO `ciudad` (departamento,nombre) VALUES (54,'CUCUTA ');
        INSERT INTO `ciudad` (departamento,nombre) VALUES (63,'ARMENIA ');
        INSERT INTO `ciudad` (departamento,nombre) VALUES (66,'PEREIRA ');
        INSERT INTO `ciudad` (departamento,nombre) VALUES (68,'BUCARAMANGA ');
        INSERT INTO `ciudad` (departamento,nombre) VALUES (70,'SINCELEJO ');
        INSERT INTO `ciudad` (departamento,nombre) VALUES (73,'IBAGUE Tolima');
        INSERT INTO `ciudad` (departamento,nombre) VALUES (76,'CALI ');
        INSERT INTO `ciudad` (departamento,nombre) VALUES (81,'ARAUCA ');
        INSERT INTO `ciudad` (departamento,nombre) VALUES (85,'YOPAL ');
        INSERT INTO `ciudad` (departamento,nombre) VALUES (86,'MOCOA ');
        INSERT INTO `ciudad` (departamento,nombre) VALUES (88,'SAN ANDRES 1 ');
        INSERT INTO `ciudad` (departamento,nombre) VALUES (91,'LETICIA ');
        INSERT INTO `ciudad` (departamento,nombre) VALUES (94,'INIRIDA ');
        INSERT INTO `ciudad` (departamento,nombre) VALUES (95,'SAN JOSE DEL GUAVIARE ');
        INSERT INTO `ciudad` (departamento,nombre) VALUES (97,'MITU ');
        INSERT INTO `ciudad` (departamento,nombre) VALUES (99,'PUERTO CARREÑO ');
        INSERT INTO `ciudad` (departamento,nombre) VALUES (5,'ABEJORRAL ');
        INSERT INTO `ciudad` (departamento,nombre) VALUES (54,'ABREGO ');
        INSERT INTO `ciudad` (departamento,nombre) VALUES (5,'ABRIAQUI ');
        INSERT INTO `ciudad` (departamento,nombre) VALUES (13,'ACHI ');
        INSERT INTO `ciudad` (departamento,nombre) VALUES (27,'ACANDI ');
        INSERT INTO `ciudad` (departamento,nombre) VALUES (41,'ACEVEDO ');
        INSERT INTO `ciudad` (departamento,nombre) VALUES (50,'ACACIAS ');
        INSERT INTO `ciudad` (departamento,nombre) VALUES (85,'AGUAZUL ');
        INSERT INTO `ciudad` (departamento,nombre) VALUES (20,'AGUACHICA ');
        INSERT INTO `ciudad` (departamento,nombre) VALUES (17,'AGUADAS ');
        INSERT INTO `ciudad` (departamento,nombre) VALUES (20,'AGUSTIN CODAZZI ');
        INSERT INTO `ciudad` (departamento,nombre) VALUES (41,'AGRADO ');
        INSERT INTO `ciudad` (departamento,nombre) VALUES (68,'AGUADA ');
        INSERT INTO `ciudad` (departamento,nombre) VALUES (85,'CHAMEZA ');
        INSERT INTO `ciudad` (departamento,nombre) VALUES (95,'CALAMAR ');
        INSERT INTO `ciudad` (departamento,nombre) VALUES (41,'AIPE ');
        INSERT INTO `ciudad` (departamento,nombre) VALUES (25,'ALBAN ');
        INSERT INTO `ciudad` (departamento,nombre) VALUES (52,'ALBAN ');
        INSERT INTO `ciudad` (departamento,nombre) VALUES (41,'ALGECIRAS ');
        INSERT INTO `ciudad` (departamento,nombre) VALUES (68,'ALBANIA ');
        INSERT INTO `ciudad` (departamento,nombre) VALUES (76,'ALCALA ');
        INSERT INTO `ciudad` (departamento,nombre) VALUES (5,'ALEJANDRIA ');
        INSERT INTO `ciudad` (departamento,nombre) VALUES (15,'ALMEIDA ');
        INSERT INTO `ciudad` (departamento,nombre) VALUES (19,'ALMAGUER ');
        INSERT INTO `ciudad` (departamento,nombre) VALUES (52,'ALDANA ');
        INSERT INTO `ciudad` (departamento,nombre) VALUES (27,'ALTO BAUDO ');
        INSERT INTO `ciudad` (departamento,nombre) VALUES (95,'EL RETORNO ');
        INSERT INTO `ciudad` (departamento,nombre) VALUES (41,'ALTAMIRA ');
        INSERT INTO `ciudad` (departamento,nombre) VALUES (73,'ALVARADO Tolima');
        INSERT INTO `ciudad` (departamento,nombre) VALUES (18,'ALBANIA ');
        INSERT INTO `ciudad` (departamento,nombre) VALUES (5,'AMAGA ');
        INSERT INTO `ciudad` (departamento,nombre) VALUES (13,'ALTOS DEL ROSARIO ');
        INSERT INTO `ciudad` (departamento,nombre) VALUES (47,'ALGARROBO ');
        INSERT INTO `ciudad` (departamento,nombre) VALUES (73,'AMBALEMA Tolima');
        INSERT INTO `ciudad` (departamento,nombre) VALUES (5,'AMALFI ');
        INSERT INTO `ciudad` (departamento,nombre) VALUES (20,'ASTREA ');
        INSERT INTO `ciudad` (departamento,nombre) VALUES (5,'ANDES ');
        INSERT INTO `ciudad` (departamento,nombre) VALUES (25,'ANAPOIMA ');
        INSERT INTO `ciudad` (departamento,nombre) VALUES (44,'ALBANIA ');
        INSERT INTO `ciudad` (departamento,nombre) VALUES (5,'ANGELOPOLIS ');
        INSERT INTO `ciudad` (departamento,nombre) VALUES (52,'ANCUYA ');
        INSERT INTO `ciudad` (departamento,nombre) VALUES (76,'ANDALUCIA ');
        INSERT INTO `ciudad` (departamento,nombre) VALUES (5,'ANGOSTURA ');
        INSERT INTO `ciudad` (departamento,nombre) VALUES (5,'ANORI ');
        INSERT INTO `ciudad` (departamento,nombre) VALUES (25,'ANOLAIMA ');
        INSERT INTO `ciudad` (departamento,nombre) VALUES (76,'ANSERMANUEVO ');
        INSERT INTO `ciudad` (departamento,nombre) VALUES (5,'SANTAFE DE ANTIOQUIA ');
        INSERT INTO `ciudad` (departamento,nombre) VALUES (13,'ARENAL ');
        INSERT INTO `ciudad` (departamento,nombre) VALUES (17,'ANSERMA ');
        INSERT INTO `ciudad` (departamento,nombre) VALUES (73,'ANZOATEGUI Tolima');
        INSERT INTO `ciudad` (departamento,nombre) VALUES (5,'ANZA ');
        INSERT INTO `ciudad` (departamento,nombre) VALUES (5,'APARTADO ');
        INSERT INTO `ciudad` (departamento,nombre) VALUES (20,'BECERRIL ');
        INSERT INTO `ciudad` (departamento,nombre) VALUES (66,'APIA ');
        INSERT INTO `ciudad` (departamento,nombre) VALUES (15,'AQUITANIA ');
        INSERT INTO `ciudad` (departamento,nombre) VALUES (17,'ARANZAZU ');
        INSERT INTO `ciudad` (departamento,nombre) VALUES (19,'ARGELIA ');
        INSERT INTO `ciudad` (departamento,nombre) VALUES (27,'ATRATO ');
        INSERT INTO `ciudad` (departamento,nombre) VALUES (5,'ARBOLETES ');
        INSERT INTO `ciudad` (departamento,nombre) VALUES (15,'ARCABUCO ');
        INSERT INTO `ciudad` (departamento,nombre) VALUES (52,'ARBOLEDA ');
        INSERT INTO `ciudad` (departamento,nombre) VALUES (54,'ARBOLEDAS ');
        INSERT INTO `ciudad` (departamento,nombre) VALUES (68,'ARATOCA ');
        INSERT INTO `ciudad` (departamento,nombre) VALUES (13,'ARJONA ');
        INSERT INTO `ciudad` (departamento,nombre) VALUES (25,'ARBELAEZ ');
        INSERT INTO `ciudad` (departamento,nombre) VALUES (47,'ARACATACA ');
        INSERT INTO `ciudad` (departamento,nombre) VALUES (76,'ARGELIA ');
        INSERT INTO `ciudad` (departamento,nombre) VALUES (5,'ARGELIA ');
        INSERT INTO `ciudad` (departamento,nombre) VALUES (73,'ARMERO Tolima');
        INSERT INTO `ciudad` (departamento,nombre) VALUES (47,'ARIGUANI ');
        INSERT INTO `ciudad` (departamento,nombre) VALUES (5,'ARMENIA ');
        INSERT INTO `ciudad` (departamento,nombre) VALUES (20,'BOSCONIA ');
        INSERT INTO `ciudad` (departamento,nombre) VALUES (13,'ARROYOHONDO ');
        INSERT INTO `ciudad` (departamento,nombre) VALUES (81,'ARAUQUITA ');
        INSERT INTO `ciudad` (departamento,nombre) VALUES (73,'ATACO Tolima');
        INSERT INTO `ciudad` (departamento,nombre) VALUES (23,'AYAPEL ');
        INSERT INTO `ciudad` (departamento,nombre) VALUES (27,'BAGADO ');
        INSERT INTO `ciudad` (departamento,nombre) VALUES (13,'BARRANCO DE LOBA ');
        INSERT INTO `ciudad` (departamento,nombre) VALUES (19,'BALBOA ');
        INSERT INTO `ciudad` (departamento,nombre) VALUES (27,'BAHIA SOLANO ');
        INSERT INTO `ciudad` (departamento,nombre) VALUES (66,'BALBOA ');
        INSERT INTO `ciudad` (departamento,nombre) VALUES (27,'BAJO BAUDO ');
        INSERT INTO `ciudad` (departamento,nombre) VALUES (68,'BARBOSA ');
        INSERT INTO `ciudad` (departamento,nombre) VALUES (8,'BARANOA ');
        INSERT INTO `ciudad` (departamento,nombre) VALUES (41,'BARAYA ');
        INSERT INTO `ciudad` (departamento,nombre) VALUES (44,'BARRANCAS ');
        INSERT INTO `ciudad` (departamento,nombre) VALUES (5,'BARBOSA ');
        INSERT INTO `ciudad` (departamento,nombre) VALUES (23,'BUENAVISTA ');
        INSERT INTO `ciudad` (departamento,nombre) VALUES (52,'BARBACOAS ');
        INSERT INTO `ciudad` (departamento,nombre) VALUES (68,'BARICHARA ');
        INSERT INTO `ciudad` (departamento,nombre) VALUES (68,'BARRANCABERMEJA ');
        INSERT INTO `ciudad` (departamento,nombre) VALUES (52,'BELEN ');
        INSERT INTO `ciudad` (departamento,nombre) VALUES (5,'BELMIRA ');
        INSERT INTO `ciudad` (departamento,nombre) VALUES (25,'BELTRAN ');
        INSERT INTO `ciudad` (departamento,nombre) VALUES (27,'BELEN DE BAJIRA ');
        INSERT INTO `ciudad` (departamento,nombre) VALUES (15,'BELEN ');
        INSERT INTO `ciudad` (departamento,nombre) VALUES (5,'BELLO ');
        INSERT INTO `ciudad` (departamento,nombre) VALUES (17,'BELALCAZAR ');
        INSERT INTO `ciudad` (departamento,nombre) VALUES (66,'BELEN DE UMBRIA ');
        INSERT INTO `ciudad` (departamento,nombre) VALUES (15,'BERBEO ');
        INSERT INTO `ciudad` (departamento,nombre) VALUES (23,'CANALETE ');
        INSERT INTO `ciudad` (departamento,nombre) VALUES (44,'DIBULLA ');
        INSERT INTO `ciudad` (departamento,nombre) VALUES (5,'BETANIA ');
        INSERT INTO `ciudad` (departamento,nombre) VALUES (15,'BETEITIVA ');
        INSERT INTO `ciudad` (departamento,nombre) VALUES (68,'BETULIA ');
        INSERT INTO `ciudad` (departamento,nombre) VALUES (5,'BETULIA ');
        INSERT INTO `ciudad` (departamento,nombre) VALUES (18,'BELEN DE LOS ANDAQUIES ');
        INSERT INTO `ciudad` (departamento,nombre) VALUES (25,'BITUIMA ');
        INSERT INTO `ciudad` (departamento,nombre) VALUES (15,'BOAVITA ');
        INSERT INTO `ciudad` (departamento,nombre) VALUES (44,'DISTRACCION ');
        INSERT INTO `ciudad` (departamento,nombre) VALUES (25,'BOJACA ');
        INSERT INTO `ciudad` (departamento,nombre) VALUES (27,'BOJAYA ');
        INSERT INTO `ciudad` (departamento,nombre) VALUES (54,'BOCHALEMA ');
        INSERT INTO `ciudad` (departamento,nombre) VALUES (19,'BOLIVAR ');
        INSERT INTO `ciudad` (departamento,nombre) VALUES (76,'BOLIVAR ');
        INSERT INTO `ciudad` (departamento,nombre) VALUES (5,'CIUDAD BOLIVAR ');
        INSERT INTO `ciudad` (departamento,nombre) VALUES (68,'BOLIVAR ');
        INSERT INTO `ciudad` (departamento,nombre) VALUES (15,'BOYACA ');
        INSERT INTO `ciudad` (departamento,nombre) VALUES (15,'BRICEÑO ');
        INSERT INTO `ciudad` (departamento,nombre) VALUES (5,'BRICEÑO ');
        INSERT INTO `ciudad` (departamento,nombre) VALUES (15,'BUENAVISTA ');
        INSERT INTO `ciudad` (departamento,nombre) VALUES (54,'BUCARASICA ');
        INSERT INTO `ciudad` (departamento,nombre) VALUES (76,'BUENAVENTURA ');
        INSERT INTO `ciudad` (departamento,nombre) VALUES (19,'BUENOS AIRES ');
        INSERT INTO `ciudad` (departamento,nombre) VALUES (44,'EL MOLINO ');
        INSERT INTO `ciudad` (departamento,nombre) VALUES (50,'BARRANCA DE UPIA ');
        INSERT INTO `ciudad` (departamento,nombre) VALUES (52,'BUESACO ');
        INSERT INTO `ciudad` (departamento,nombre) VALUES (70,'BUENAVISTA ');
        INSERT INTO `ciudad` (departamento,nombre) VALUES (63,'BUENAVISTA ');
        INSERT INTO `ciudad` (departamento,nombre) VALUES (76,'GUADALAJARA DE BUGA ');
        INSERT INTO `ciudad` (departamento,nombre) VALUES (5,'BURITICA ');
        INSERT INTO `ciudad` (departamento,nombre) VALUES (76,'BUGALAGRANDE ');
        INSERT INTO `ciudad` (departamento,nombre) VALUES (15,'BUSBANZA ');
        INSERT INTO `ciudad` (departamento,nombre) VALUES (5,'CACERES ');
        INSERT INTO `ciudad` (departamento,nombre) VALUES (25,'CABRERA ');
        INSERT INTO `ciudad` (departamento,nombre) VALUES (68,'CABRERA ');
        INSERT INTO `ciudad` (departamento,nombre) VALUES (76,'CAICEDONIA ');
        INSERT INTO `ciudad` (departamento,nombre) VALUES (25,'CACHIPAY ');
        INSERT INTO `ciudad` (departamento,nombre) VALUES (50,'CABUYARO ');
        INSERT INTO `ciudad` (departamento,nombre) VALUES (70,'CAIMITO ');
        INSERT INTO `ciudad` (departamento,nombre) VALUES (73,'CAJAMARCA Tolima');
        INSERT INTO `ciudad` (departamento,nombre) VALUES (5,'CAICEDO ');
        INSERT INTO `ciudad` (departamento,nombre) VALUES (54,'CACOTA ');
        INSERT INTO `ciudad` (departamento,nombre) VALUES (85,'HATO COROZAL ');
        INSERT INTO `ciudad` (departamento,nombre) VALUES (25,'CAJICA ');
        INSERT INTO `ciudad` (departamento,nombre) VALUES (76,'CALIMA ');
        INSERT INTO `ciudad` (departamento,nombre) VALUES (54,'CACHIRA ');
        INSERT INTO `ciudad` (departamento,nombre) VALUES (5,'CALDAS ');
        INSERT INTO `ciudad` (departamento,nombre) VALUES (19,'CAJIBIO ');
        INSERT INTO `ciudad` (departamento,nombre) VALUES (63,'CALARCA ');
        INSERT INTO `ciudad` (departamento,nombre) VALUES (76,'CANDELARIA ');
        INSERT INTO `ciudad` (departamento,nombre) VALUES (15,'CALDAS ');
        INSERT INTO `ciudad` (departamento,nombre) VALUES (41,'CAMPOALEGRE ');
        INSERT INTO `ciudad` (departamento,nombre) VALUES (68,'CALIFORNIA ');
        INSERT INTO `ciudad` (departamento,nombre) VALUES (5,'CAMPAMENTO ');
        INSERT INTO `ciudad` (departamento,nombre) VALUES (15,'CAMPOHERMOSO ');
        INSERT INTO `ciudad` (departamento,nombre) VALUES (27,'EL CANTON DEL SAN PABLO ');
        INSERT INTO `ciudad` (departamento,nombre) VALUES (85,'LA SALINA ');
        INSERT INTO `ciudad` (departamento,nombre) VALUES (8,'CAMPO DE LA CRUZ ');
        INSERT INTO `ciudad` (departamento,nombre) VALUES (19,'CALDONO ');
        INSERT INTO `ciudad` (departamento,nombre) VALUES (5,'CAÑASGORDAS ');
        INSERT INTO `ciudad` (departamento,nombre) VALUES (85,'MANI ');
        INSERT INTO `ciudad` (departamento,nombre) VALUES (13,'CALAMAR ');
        INSERT INTO `ciudad` (departamento,nombre) VALUES (8,'CANDELARIA ');
        INSERT INTO `ciudad` (departamento,nombre) VALUES (5,'CARACOLI ');
        INSERT INTO `ciudad` (departamento,nombre) VALUES (19,'CALOTO ');
        INSERT INTO `ciudad` (departamento,nombre) VALUES (5,'CARAMANTA ');
        INSERT INTO `ciudad` (departamento,nombre) VALUES (5,'CAREPA ');
        INSERT INTO `ciudad` (departamento,nombre) VALUES (68,'CAPITANEJO ');
        INSERT INTO `ciudad` (departamento,nombre) VALUES (76,'CARTAGO ');
        INSERT INTO `ciudad` (departamento,nombre) VALUES (5,'EL CARMEN DE VIBORAL ');
        INSERT INTO `ciudad` (departamento,nombre) VALUES (25,'CAPARRAPI ');
        INSERT INTO `ciudad` (departamento,nombre) VALUES (73,'CARMEN DE APICALA Tolima');
        INSERT INTO `ciudad` (departamento,nombre) VALUES (5,'CAROLINA ');
        INSERT INTO `ciudad` (departamento,nombre) VALUES (18,'CARTAGENA DEL CHAIRA ');
        INSERT INTO `ciudad` (departamento,nombre) VALUES (27,'CARMEN DEL DARIEN ');
        INSERT INTO `ciudad` (departamento,nombre) VALUES (50,'CASTILLA LA NUEVA ');
        INSERT INTO `ciudad` (departamento,nombre) VALUES (25,'CAQUEZA ');
        INSERT INTO `ciudad` (departamento,nombre) VALUES (68,'CARCASI ');
        INSERT INTO `ciudad` (departamento,nombre) VALUES (73,'CASABIANCA Tolima');
        INSERT INTO `ciudad` (departamento,nombre) VALUES (5,'CAUCASIA ');
        INSERT INTO `ciudad` (departamento,nombre) VALUES (25,'CARMEN DE CARUPA ');
        INSERT INTO `ciudad` (departamento,nombre) VALUES (13,'CANTAGALLO ');
        INSERT INTO `ciudad` (departamento,nombre) VALUES (27,'CERTEGUI ');
        INSERT INTO `ciudad` (departamento,nombre) VALUES (68,'CEPITA ');
        INSERT INTO `ciudad` (departamento,nombre) VALUES (47,'CERRO SAN ANTONIO ');
        INSERT INTO `ciudad` (departamento,nombre) VALUES (97,'CARURU ');
        INSERT INTO `ciudad` (departamento,nombre) VALUES (15,'CERINZA ');
        INSERT INTO `ciudad` (departamento,nombre) VALUES (23,'CERETE ');
        INSERT INTO `ciudad` (departamento,nombre) VALUES (68,'CERRITO ');
        INSERT INTO `ciudad` (departamento,nombre) VALUES (85,'MONTERREY ');
        INSERT INTO `ciudad` (departamento,nombre) VALUES (68,'CHARALA ');
        INSERT INTO `ciudad` (departamento,nombre) VALUES (23,'CHIMA ');
        INSERT INTO `ciudad` (departamento,nombre) VALUES (25,'CHAGUANI ');
        INSERT INTO `ciudad` (departamento,nombre) VALUES (73,'CHAPARRAL Tolima');
        INSERT INTO `ciudad` (departamento,nombre) VALUES (68,'CHARTA ');
        INSERT INTO `ciudad` (departamento,nombre) VALUES (47,'CHIVOLO ');
        INSERT INTO `ciudad` (departamento,nombre) VALUES (66,'DOSQUEBRADAS ');
        INSERT INTO `ciudad` (departamento,nombre) VALUES (5,'CHIGORODO ');
        INSERT INTO `ciudad` (departamento,nombre) VALUES (15,'CHINAVITA ');
        INSERT INTO `ciudad` (departamento,nombre) VALUES (54,'CHINACOTA ');
        INSERT INTO `ciudad` (departamento,nombre) VALUES (17,'CHINCHINA ');
        INSERT INTO `ciudad` (departamento,nombre) VALUES (54,'CHITAGA ');
        INSERT INTO `ciudad` (departamento,nombre) VALUES (20,'CHIMICHAGUA ');
        INSERT INTO `ciudad` (departamento,nombre) VALUES (25,'CHIA ');
        INSERT INTO `ciudad` (departamento,nombre) VALUES (15,'CHIQUINQUIRA ');
        INSERT INTO `ciudad` (departamento,nombre) VALUES (68,'CHIMA ');
        INSERT INTO `ciudad` (departamento,nombre) VALUES (20,'CHIRIGUANA ');
        INSERT INTO `ciudad` (departamento,nombre) VALUES (25,'CHIPAQUE ');
        INSERT INTO `ciudad` (departamento,nombre) VALUES (68,'CHIPATA ');
        INSERT INTO `ciudad` (departamento,nombre) VALUES (15,'CHISCAS ');
        INSERT INTO `ciudad` (departamento,nombre) VALUES (25,'CHOACHI ');
        INSERT INTO `ciudad` (departamento,nombre) VALUES (23,'CHINU ');
        INSERT INTO `ciudad` (departamento,nombre) VALUES (15,'CHITA ');
        INSERT INTO `ciudad` (departamento,nombre) VALUES (25,'CHOCONTA ');
        INSERT INTO `ciudad` (departamento,nombre) VALUES (15,'CHITARAQUE ');
        INSERT INTO `ciudad` (departamento,nombre) VALUES (15,'CHIVATA ');
        INSERT INTO `ciudad` (departamento,nombre) VALUES (13,'CICUCO ');
        INSERT INTO `ciudad` (departamento,nombre) VALUES (15,'CIENEGA ');
        INSERT INTO `ciudad` (departamento,nombre) VALUES (23,'CIENAGA DE ORO ');
        INSERT INTO `ciudad` (departamento,nombre) VALUES (47,'CIENAGA ');
        INSERT INTO `ciudad` (departamento,nombre) VALUES (5,'CISNEROS ');
        INSERT INTO `ciudad` (departamento,nombre) VALUES (63,'CIRCASIA ');
        INSERT INTO `ciudad` (departamento,nombre) VALUES (68,'CIMITARRA ');
        INSERT INTO `ciudad` (departamento,nombre) VALUES (5,'COCORNA ');
        INSERT INTO `ciudad` (departamento,nombre) VALUES (25,'COGUA ');
        INSERT INTO `ciudad` (departamento,nombre) VALUES (73,'COELLO Tolima');
        INSERT INTO `ciudad` (departamento,nombre) VALUES (95,'MIRAFLORES ');
        INSERT INTO `ciudad` (departamento,nombre) VALUES (52,'COLON ');
        INSERT INTO `ciudad` (departamento,nombre) VALUES (15,'COMBITA ');
        INSERT INTO `ciudad` (departamento,nombre) VALUES (70,'COLOSO ');
        INSERT INTO `ciudad` (departamento,nombre) VALUES (18,'CURILLO ');
        INSERT INTO `ciudad` (departamento,nombre) VALUES (27,'CONDOTO ');
        INSERT INTO `ciudad` (departamento,nombre) VALUES (47,'CONCORDIA ');
        INSERT INTO `ciudad` (departamento,nombre) VALUES (5,'CONCEPCION ');
        INSERT INTO `ciudad` (departamento,nombre) VALUES (41,'COLOMBIA ');
        INSERT INTO `ciudad` (departamento,nombre) VALUES (54,'CONVENCION ');
        INSERT INTO `ciudad` (departamento,nombre) VALUES (52,'CONSACA ');
        INSERT INTO `ciudad` (departamento,nombre) VALUES (68,'CONCEPCION ');
        INSERT INTO `ciudad` (departamento,nombre) VALUES (5,'CONCORDIA ');
        INSERT INTO `ciudad` (departamento,nombre) VALUES (68,'CONFINES ');
        INSERT INTO `ciudad` (departamento,nombre) VALUES (52,'CONTADERO ');
        INSERT INTO `ciudad` (departamento,nombre) VALUES (68,'CONTRATACION ');
        INSERT INTO `ciudad` (departamento,nombre) VALUES (5,'COPACABANA ');
        INSERT INTO `ciudad` (departamento,nombre) VALUES (13,'CORDOBA ');
        INSERT INTO `ciudad` (departamento,nombre) VALUES (15,'COPER ');
        INSERT INTO `ciudad` (departamento,nombre) VALUES (19,'CORINTO ');
        INSERT INTO `ciudad` (departamento,nombre) VALUES (63,'CORDOBA ');
        INSERT INTO `ciudad` (departamento,nombre) VALUES (25,'COTA ');
        INSERT INTO `ciudad` (departamento,nombre) VALUES (15,'CORRALES ');
        INSERT INTO `ciudad` (departamento,nombre) VALUES (52,'CORDOBA ');
        INSERT INTO `ciudad` (departamento,nombre) VALUES (70,'COROZAL ');
        INSERT INTO `ciudad` (departamento,nombre) VALUES (68,'COROMORO ');
        INSERT INTO `ciudad` (departamento,nombre) VALUES (73,'COYAIMA Tolima');
        INSERT INTO `ciudad` (departamento,nombre) VALUES (15,'COVARACHIA ');
        INSERT INTO `ciudad` (departamento,nombre) VALUES (86,'COLON ');
        INSERT INTO `ciudad` (departamento,nombre) VALUES (81,'CRAVO NORTE ');
        INSERT INTO `ciudad` (departamento,nombre) VALUES (13,'CLEMENCIA ');
        INSERT INTO `ciudad` (departamento,nombre) VALUES (15,'CUBARA ');
        INSERT INTO `ciudad` (departamento,nombre) VALUES (50,'CUBARRAL ');
        INSERT INTO `ciudad` (departamento,nombre) VALUES (54,'CUCUTILLA ');
        INSERT INTO `ciudad` (departamento,nombre) VALUES (15,'CUCAITA ');
        INSERT INTO `ciudad` (departamento,nombre) VALUES (25,'CUCUNUBA ');
        INSERT INTO `ciudad` (departamento,nombre) VALUES (52,'CUASPUD ');
        INSERT INTO `ciudad` (departamento,nombre) VALUES (85,'NUNCHIA ');
        INSERT INTO `ciudad` (departamento,nombre) VALUES (15,'CUITIVA ');
        INSERT INTO `ciudad` (departamento,nombre) VALUES (50,'CUMARAL ');
        INSERT INTO `ciudad` (departamento,nombre) VALUES (73,'CUNDAY Tolima');
        INSERT INTO `ciudad` (departamento,nombre) VALUES (52,'CUMBAL ');
        INSERT INTO `ciudad` (departamento,nombre) VALUES (20,'CURUMANI ');
        INSERT INTO `ciudad` (departamento,nombre) VALUES (68,'CURITI ');
        INSERT INTO `ciudad` (departamento,nombre) VALUES (70,'CHALAN ');
        INSERT INTO `ciudad` (departamento,nombre) VALUES (85,'OROCUE ');
        INSERT INTO `ciudad` (departamento,nombre) VALUES (15,'CHIQUIZA ');
        INSERT INTO `ciudad` (departamento,nombre) VALUES (52,'CUMBITARA ');
        INSERT INTO `ciudad` (departamento,nombre) VALUES (70,'EL ROBLE ');
        INSERT INTO `ciudad` (departamento,nombre) VALUES (76,'DAGUA ');
        INSERT INTO `ciudad` (departamento,nombre) VALUES (5,'DABEIBA ');
        INSERT INTO `ciudad` (departamento,nombre) VALUES (68,'EL CARMEN DE CHUCURI ');
        INSERT INTO `ciudad` (departamento,nombre) VALUES (70,'GALERAS ');
        INSERT INTO `ciudad` (departamento,nombre) VALUES (15,'CHIVOR ');
        INSERT INTO `ciudad` (departamento,nombre) VALUES (73,'DOLORES Tolima');
        INSERT INTO `ciudad` (departamento,nombre) VALUES (5,'DON MATIAS ');
        INSERT INTO `ciudad` (departamento,nombre) VALUES (15,'DUITAMA ');
        INSERT INTO `ciudad` (departamento,nombre) VALUES (20,'EL COPEY ');
        INSERT INTO `ciudad` (departamento,nombre) VALUES (54,'DURANIA ');
        INSERT INTO `ciudad` (departamento,nombre) VALUES (5,'EBEJICO ');
        INSERT INTO `ciudad` (departamento,nombre) VALUES (52,'CHACHAGüI ');
        INSERT INTO `ciudad` (departamento,nombre) VALUES (76,'EL AGUILA ');
        INSERT INTO `ciudad` (departamento,nombre) VALUES (13,'EL CARMEN DE BOLIVAR ');
        INSERT INTO `ciudad` (departamento,nombre) VALUES (15,'EL COCUY ');
        INSERT INTO `ciudad` (departamento,nombre) VALUES (41,'ELIAS ');
        INSERT INTO `ciudad` (departamento,nombre) VALUES (25,'EL COLEGIO ');
        INSERT INTO `ciudad` (departamento,nombre) VALUES (27,'EL CARMEN DE ATRATO ');
        INSERT INTO `ciudad` (departamento,nombre) VALUES (47,'EL BANCO ');
        INSERT INTO `ciudad` (departamento,nombre) VALUES (50,'EL CALVARIO ');
        INSERT INTO `ciudad` (departamento,nombre) VALUES (54,'EL CARMEN ');
        INSERT INTO `ciudad` (departamento,nombre) VALUES (68,'EL GUACAMAYO ');
        INSERT INTO `ciudad` (departamento,nombre) VALUES (76,'EL CAIRO ');
        INSERT INTO `ciudad` (departamento,nombre) VALUES (18,'EL DONCELLO ');
        INSERT INTO `ciudad` (departamento,nombre) VALUES (13,'EL GUAMO ');
        INSERT INTO `ciudad` (departamento,nombre) VALUES (15,'EL ESPINO ');
        INSERT INTO `ciudad` (departamento,nombre) VALUES (76,'EL CERRITO ');
        INSERT INTO `ciudad` (departamento,nombre) VALUES (5,'EL BAGRE ');
        INSERT INTO `ciudad` (departamento,nombre) VALUES (20,'EL PASO ');
        INSERT INTO `ciudad` (departamento,nombre) VALUES (27,'EL LITORAL DEL SAN JUAN ');
        INSERT INTO `ciudad` (departamento,nombre) VALUES (52,'EL CHARCO ');
        INSERT INTO `ciudad` (departamento,nombre) VALUES (54,'EL TARRA ');
        INSERT INTO `ciudad` (departamento,nombre) VALUES (68,'EL PEÑON ');
        INSERT INTO `ciudad` (departamento,nombre) VALUES (76,'EL DOVIO ');
        INSERT INTO `ciudad` (departamento,nombre) VALUES (85,'PAZ DE ARIPORO ');
        INSERT INTO `ciudad` (departamento,nombre) VALUES (50,'EL CASTILLO ');
        INSERT INTO `ciudad` (departamento,nombre) VALUES (52,'EL PEÑOL ');
        INSERT INTO `ciudad` (departamento,nombre) VALUES (68,'EL PLAYON ');
        INSERT INTO `ciudad` (departamento,nombre) VALUES (18,'EL PAUJIL ');
        INSERT INTO `ciudad` (departamento,nombre) VALUES (19,'EL TAMBO ');
        INSERT INTO `ciudad` (departamento,nombre) VALUES (52,'EL ROSARIO ');
        INSERT INTO `ciudad` (departamento,nombre) VALUES (25,'EL PEÑON ');
        INSERT INTO `ciudad` (departamento,nombre) VALUES (47,'EL PIÑON ');
        INSERT INTO `ciudad` (departamento,nombre) VALUES (52,'EL TABLON DE GOMEZ ');
        INSERT INTO `ciudad` (departamento,nombre) VALUES (25,'EL ROSAL ');
        INSERT INTO `ciudad` (departamento,nombre) VALUES (52,'EL TAMBO ');
        INSERT INTO `ciudad` (departamento,nombre) VALUES (54,'EL ZULIA ');
        INSERT INTO `ciudad` (departamento,nombre) VALUES (85,'PORE ');
        INSERT INTO `ciudad` (departamento,nombre) VALUES (91,'EL ENCANTO ');
        INSERT INTO `ciudad` (departamento,nombre) VALUES (5,'ENTRERRIOS ');
        INSERT INTO `ciudad` (departamento,nombre) VALUES (68,'ENCINO ');
        INSERT INTO `ciudad` (departamento,nombre) VALUES (70,'GUARANDA ');
        INSERT INTO `ciudad` (departamento,nombre) VALUES (5,'ENVIGADO ');
        INSERT INTO `ciudad` (departamento,nombre) VALUES (68,'ENCISO ');
        INSERT INTO `ciudad` (departamento,nombre) VALUES (13,'EL PEÑON ');
        INSERT INTO `ciudad` (departamento,nombre) VALUES (47,'EL RETEN ');
        INSERT INTO `ciudad` (departamento,nombre) VALUES (73,'ESPINAL Tolima');
        INSERT INTO `ciudad` (departamento,nombre) VALUES (25,'FACATATIVA ');
        INSERT INTO `ciudad` (departamento,nombre) VALUES (50,'EL DORADO ');
        INSERT INTO `ciudad` (departamento,nombre) VALUES (73,'FALAN Tolima');
        INSERT INTO `ciudad` (departamento,nombre) VALUES (68,'FLORIAN ');
        INSERT INTO `ciudad` (departamento,nombre) VALUES (15,'FIRAVITOBA ');
        INSERT INTO `ciudad` (departamento,nombre) VALUES (17,'FILADELFIA ');
        INSERT INTO `ciudad` (departamento,nombre) VALUES (63,'FILANDIA ');
        INSERT INTO `ciudad` (departamento,nombre) VALUES (73,'FLANDES Tolima');
        INSERT INTO `ciudad` (departamento,nombre) VALUES (76,'FLORIDA ');
        INSERT INTO `ciudad` (departamento,nombre) VALUES (15,'FLORESTA ');
        INSERT INTO `ciudad` (departamento,nombre) VALUES (68,'FLORIDABLANCA ');
        INSERT INTO `ciudad` (departamento,nombre) VALUES (25,'FOMEQUE ');
        INSERT INTO `ciudad` (departamento,nombre) VALUES (44,'FONSECA ');
        INSERT INTO `ciudad` (departamento,nombre) VALUES (85,'RECETOR ');
        INSERT INTO `ciudad` (departamento,nombre) VALUES (25,'FOSCA ');
        INSERT INTO `ciudad` (departamento,nombre) VALUES (5,'FREDONIA ');
        INSERT INTO `ciudad` (departamento,nombre) VALUES (73,'FRESNO Tolima');
        INSERT INTO `ciudad` (departamento,nombre) VALUES (5,'FRONTINO ');
        INSERT INTO `ciudad` (departamento,nombre) VALUES (25,'FUNZA ');
        INSERT INTO `ciudad` (departamento,nombre) VALUES (50,'FUENTE DE ORO ');
        INSERT INTO `ciudad` (departamento,nombre) VALUES (52,'FUNES ');
        INSERT INTO `ciudad` (departamento,nombre) VALUES (25,'FUQUENE ');
        INSERT INTO `ciudad` (departamento,nombre) VALUES (47,'FUNDACION ');
        INSERT INTO `ciudad` (departamento,nombre) VALUES (19,'FLORENCIA ');
        INSERT INTO `ciudad` (departamento,nombre) VALUES (25,'FUSAGASUGA ');
        INSERT INTO `ciudad` (departamento,nombre) VALUES (15,'GACHANTIVA ');
        INSERT INTO `ciudad` (departamento,nombre) VALUES (25,'GACHALA ');
        INSERT INTO `ciudad` (departamento,nombre) VALUES (20,'GAMARRA ');
        INSERT INTO `ciudad` (departamento,nombre) VALUES (25,'GACHANCIPA ');
        INSERT INTO `ciudad` (departamento,nombre) VALUES (8,'GALAPA ');
        INSERT INTO `ciudad` (departamento,nombre) VALUES (15,'GAMEZA ');
        INSERT INTO `ciudad` (departamento,nombre) VALUES (68,'GALAN ');
        INSERT INTO `ciudad` (departamento,nombre) VALUES (25,'GACHETA ');
        INSERT INTO `ciudad` (departamento,nombre) VALUES (41,'GARZON ');
        INSERT INTO `ciudad` (departamento,nombre) VALUES (68,'GAMBITA ');
        INSERT INTO `ciudad` (departamento,nombre) VALUES (15,'GARAGOA ');
        INSERT INTO `ciudad` (departamento,nombre) VALUES (25,'GAMA ');
        INSERT INTO `ciudad` (departamento,nombre) VALUES (13,'HATILLO DE LOBA ');
        INSERT INTO `ciudad` (departamento,nombre) VALUES (23,'COTORRA ');
        INSERT INTO `ciudad` (departamento,nombre) VALUES (81,'FORTUL ');
        INSERT INTO `ciudad` (departamento,nombre) VALUES (85,'SABANALARGA ');
        INSERT INTO `ciudad` (departamento,nombre) VALUES (63,'GENOVA ');
        INSERT INTO `ciudad` (departamento,nombre) VALUES (5,'GIRALDO ');
        INSERT INTO `ciudad` (departamento,nombre) VALUES (41,'GIGANTE ');
        INSERT INTO `ciudad` (departamento,nombre) VALUES (76,'GINEBRA ');
        INSERT INTO `ciudad` (departamento,nombre) VALUES (25,'GIRARDOT ');
        INSERT INTO `ciudad` (departamento,nombre) VALUES (68,'GIRON ');
        INSERT INTO `ciudad` (departamento,nombre) VALUES (5,'GIRARDOTA ');
        INSERT INTO `ciudad` (departamento,nombre) VALUES (5,'GOMEZ PLATA ');
        INSERT INTO `ciudad` (departamento,nombre) VALUES (20,'GONZALEZ ');
        INSERT INTO `ciudad` (departamento,nombre) VALUES (25,'GRANADA ');
        INSERT INTO `ciudad` (departamento,nombre) VALUES (5,'GRANADA ');
        INSERT INTO `ciudad` (departamento,nombre) VALUES (50,'GRANADA ');
        INSERT INTO `ciudad` (departamento,nombre) VALUES (54,'GRAMALOTE ');
        INSERT INTO `ciudad` (departamento,nombre) VALUES (5,'GUADALUPE ');
        INSERT INTO `ciudad` (departamento,nombre) VALUES (85,'SACAMA ');
        INSERT INTO `ciudad` (departamento,nombre) VALUES (15,'GUACAMAYAS ');
        INSERT INTO `ciudad` (departamento,nombre) VALUES (25,'GUACHETA ');
        INSERT INTO `ciudad` (departamento,nombre) VALUES (52,'GUACHUCAL ');
        INSERT INTO `ciudad` (departamento,nombre) VALUES (5,'GUARNE ');
        INSERT INTO `ciudad` (departamento,nombre) VALUES (19,'GUAPI ');
        INSERT INTO `ciudad` (departamento,nombre) VALUES (47,'GUAMAL ');
        INSERT INTO `ciudad` (departamento,nombre) VALUES (50,'GUAMAL ');
        INSERT INTO `ciudad` (departamento,nombre) VALUES (66,'GUATICA ');
        INSERT INTO `ciudad` (departamento,nombre) VALUES (68,'GUACA ');
        INSERT INTO `ciudad` (departamento,nombre) VALUES (76,'GUACARI ');
        INSERT INTO `ciudad` (departamento,nombre) VALUES (41,'GUADALUPE ');
        INSERT INTO `ciudad` (departamento,nombre) VALUES (73,'GUAMO Tolima');
        INSERT INTO `ciudad` (departamento,nombre) VALUES (25,'GUADUAS ');
        INSERT INTO `ciudad` (departamento,nombre) VALUES (52,'GUAITARILLA ');
        INSERT INTO `ciudad` (departamento,nombre) VALUES (68,'GUADALUPE ');
        INSERT INTO `ciudad` (departamento,nombre) VALUES (86,'ORITO ');
        INSERT INTO `ciudad` (departamento,nombre) VALUES (5,'GUATAPE ');
        INSERT INTO `ciudad` (departamento,nombre) VALUES (15,'GUATEQUE ');
        INSERT INTO `ciudad` (departamento,nombre) VALUES (25,'GUASCA ');
        INSERT INTO `ciudad` (departamento,nombre) VALUES (68,'GUAPOTA ');
        INSERT INTO `ciudad` (departamento,nombre) VALUES (52,'GUALMATAN ');
        INSERT INTO `ciudad` (departamento,nombre) VALUES (25,'GUATAQUI ');
        INSERT INTO `ciudad` (departamento,nombre) VALUES (68,'GUAVATA ');
        INSERT INTO `ciudad` (departamento,nombre) VALUES (15,'GUAYATA ');
        INSERT INTO `ciudad` (departamento,nombre) VALUES (50,'MAPIRIPAN ');
        INSERT INTO `ciudad` (departamento,nombre) VALUES (85,'SAN LUIS DE PALENQUE ');
        INSERT INTO `ciudad` (departamento,nombre) VALUES (25,'GUATAVITA ');
        INSERT INTO `ciudad` (departamento,nombre) VALUES (68,'GüEPSA ');
        INSERT INTO `ciudad` (departamento,nombre) VALUES (25,'GUAYABAL DE SIQUIMA ');
        INSERT INTO `ciudad` (departamento,nombre) VALUES (50,'MESETAS ');
        INSERT INTO `ciudad` (departamento,nombre) VALUES (15,'GüICAN ');
        INSERT INTO `ciudad` (departamento,nombre) VALUES (25,'GUAYABETAL ');
        INSERT INTO `ciudad` (departamento,nombre) VALUES (25,'GUTIERREZ ');
        INSERT INTO `ciudad` (departamento,nombre) VALUES (94,'BARRANCO MINAS ');
        INSERT INTO `ciudad` (departamento,nombre) VALUES (54,'HACARI ');
        INSERT INTO `ciudad` (departamento,nombre) VALUES (68,'HATO ');
        INSERT INTO `ciudad` (departamento,nombre) VALUES (5,'HELICONIA ');
        INSERT INTO `ciudad` (departamento,nombre) VALUES (54,'HERRAN ');
        INSERT INTO `ciudad` (departamento,nombre) VALUES (73,'HERVEO Tolima');
        INSERT INTO `ciudad` (departamento,nombre) VALUES (41,'HOBO ');
        INSERT INTO `ciudad` (departamento,nombre) VALUES (73,'HONDA Tolima');
        INSERT INTO `ciudad` (departamento,nombre) VALUES (23,'LA APARTADA ');
        INSERT INTO `ciudad` (departamento,nombre) VALUES (50,'LA MACARENA ');
        INSERT INTO `ciudad` (departamento,nombre) VALUES (52,'ILES ');
        INSERT INTO `ciudad` (departamento,nombre) VALUES (73,'ICONONZO Tolima');
        INSERT INTO `ciudad` (departamento,nombre) VALUES (5,'HISPANIA ');
        INSERT INTO `ciudad` (departamento,nombre) VALUES (52,'IMUES ');
        INSERT INTO `ciudad` (departamento,nombre) VALUES (19,'INZA ');
        INSERT INTO `ciudad` (departamento,nombre) VALUES (52,'IPIALES ');
        INSERT INTO `ciudad` (departamento,nombre) VALUES (41,'IQUIRA ');
        INSERT INTO `ciudad` (departamento,nombre) VALUES (41,'ISNOS ');
        INSERT INTO `ciudad` (departamento,nombre) VALUES (5,'ITAGüI ');
        INSERT INTO `ciudad` (departamento,nombre) VALUES (5,'ITUANGO ');
        INSERT INTO `ciudad` (departamento,nombre) VALUES (27,'ISTMINA ');
        INSERT INTO `ciudad` (departamento,nombre) VALUES (15,'IZA ');
        INSERT INTO `ciudad` (departamento,nombre) VALUES (5,'JARDIN ');
        INSERT INTO `ciudad` (departamento,nombre) VALUES (19,'JAMBALO ');
        INSERT INTO `ciudad` (departamento,nombre) VALUES (76,'JAMUNDI ');
        INSERT INTO `ciudad` (departamento,nombre) VALUES (15,'JENESANO ');
        INSERT INTO `ciudad` (departamento,nombre) VALUES (5,'JERICO ');
        INSERT INTO `ciudad` (departamento,nombre) VALUES (15,'JERICO ');
        INSERT INTO `ciudad` (departamento,nombre) VALUES (25,'JERUSALEN ');
        INSERT INTO `ciudad` (departamento,nombre) VALUES (68,'JESUS MARIA ');
        INSERT INTO `ciudad` (departamento,nombre) VALUES (50,'URIBE ');
        INSERT INTO `ciudad` (departamento,nombre) VALUES (68,'JORDAN ');
        INSERT INTO `ciudad` (departamento,nombre) VALUES (8,'JUAN DE ACOSTA ');
        INSERT INTO `ciudad` (departamento,nombre) VALUES (25,'JUNIN ');
        INSERT INTO `ciudad` (departamento,nombre) VALUES (27,'JURADO ');
        INSERT INTO `ciudad` (departamento,nombre) VALUES (5,'LA CEJA ');
        INSERT INTO `ciudad` (departamento,nombre) VALUES (15,'LABRANZAGRANDE ');
        INSERT INTO `ciudad` (departamento,nombre) VALUES (25,'LA CALERA ');
        INSERT INTO `ciudad` (departamento,nombre) VALUES (54,'LABATECA ');
        INSERT INTO `ciudad` (departamento,nombre) VALUES (68,'LA BELLEZA ');
        INSERT INTO `ciudad` (departamento,nombre) VALUES (76,'LA CUMBRE ');
        INSERT INTO `ciudad` (departamento,nombre) VALUES (41,'LA ARGENTINA ');
        INSERT INTO `ciudad` (departamento,nombre) VALUES (44,'HATONUEVO ');
        INSERT INTO `ciudad` (departamento,nombre) VALUES (52,'LA CRUZ ');
        INSERT INTO `ciudad` (departamento,nombre) VALUES (5,'LA ESTRELLA ');
        INSERT INTO `ciudad` (departamento,nombre) VALUES (15,'LA CAPILLA ');
        INSERT INTO `ciudad` (departamento,nombre) VALUES (17,'LA DORADA ');
        INSERT INTO `ciudad` (departamento,nombre) VALUES (52,'LA FLORIDA ');
        INSERT INTO `ciudad` (departamento,nombre) VALUES (20,'LA GLORIA ');
        INSERT INTO `ciudad` (departamento,nombre) VALUES (66,'LA CELIA ');
        INSERT INTO `ciudad` (departamento,nombre) VALUES (52,'LA LLANADA ');
        INSERT INTO `ciudad` (departamento,nombre) VALUES (54,'LA ESPERANZA ');
        INSERT INTO `ciudad` (departamento,nombre) VALUES (68,'LANDAZURI ');
        INSERT INTO `ciudad` (departamento,nombre) VALUES (25,'LA MESA ');
        INSERT INTO `ciudad` (departamento,nombre) VALUES (17,'LA MERCED ');
        INSERT INTO `ciudad` (departamento,nombre) VALUES (5,'LA PINTADA ');
        INSERT INTO `ciudad` (departamento,nombre) VALUES (52,'LA TOLA ');
        INSERT INTO `ciudad` (departamento,nombre) VALUES (19,'LA SIERRA ');
        INSERT INTO `ciudad` (departamento,nombre) VALUES (25,'LA PALMA ');
        INSERT INTO `ciudad` (departamento,nombre) VALUES (41,'LA PLATA ');
        INSERT INTO `ciudad` (departamento,nombre) VALUES (19,'LA VEGA ');
        INSERT INTO `ciudad` (departamento,nombre) VALUES (68,'LA PAZ ');
        INSERT INTO `ciudad` (departamento,nombre) VALUES (25,'LA PEÑA ');
        INSERT INTO `ciudad` (departamento,nombre) VALUES (54,'LA PLAYA ');
        INSERT INTO `ciudad` (departamento,nombre) VALUES (52,'LA UNION ');
        INSERT INTO `ciudad` (departamento,nombre) VALUES (5,'LA UNION ');
        INSERT INTO `ciudad` (departamento,nombre) VALUES (20,'LA JAGUA DE IBIRICO ');
        INSERT INTO `ciudad` (departamento,nombre) VALUES (50,'LEJANIAS ');
        INSERT INTO `ciudad` (departamento,nombre) VALUES (66,'LA VIRGINIA ');
        INSERT INTO `ciudad` (departamento,nombre) VALUES (70,'LA UNION ');
        INSERT INTO `ciudad` (departamento,nombre) VALUES (76,'LA UNION ');
        INSERT INTO `ciudad` (departamento,nombre) VALUES (85,'TAMARA ');
        INSERT INTO `ciudad` (departamento,nombre) VALUES (15,'LA VICTORIA ');
        INSERT INTO `ciudad` (departamento,nombre) VALUES (63,'LA TEBAIDA ');
        INSERT INTO `ciudad` (departamento,nombre) VALUES (25,'LA VEGA ');
        INSERT INTO `ciudad` (departamento,nombre) VALUES (15,'LA UVITA ');
        INSERT INTO `ciudad` (departamento,nombre) VALUES (76,'LA VICTORIA ');
        INSERT INTO `ciudad` (departamento,nombre) VALUES (52,'LEIVA ');
        INSERT INTO `ciudad` (departamento,nombre) VALUES (54,'LOS PATIOS ');
        INSERT INTO `ciudad` (departamento,nombre) VALUES (91,'LA CHORRERA ');
        INSERT INTO `ciudad` (departamento,nombre) VALUES (68,'LEBRIJA ');
        INSERT INTO `ciudad` (departamento,nombre) VALUES (15,'VILLA DE LEYVA ');
        INSERT INTO `ciudad` (departamento,nombre) VALUES (25,'LENGUAZAQUE ');
        INSERT INTO `ciudad` (departamento,nombre) VALUES (91,'LA PEDRERA ');
        INSERT INTO `ciudad` (departamento,nombre) VALUES (73,'LERIDA Tolima');
        INSERT INTO `ciudad` (departamento,nombre) VALUES (18,'LA MONTAÑITA ');
        INSERT INTO `ciudad` (departamento,nombre) VALUES (85,'TAURAMENA ');
        INSERT INTO `ciudad` (departamento,nombre) VALUES (5,'LIBORINA ');
        INSERT INTO `ciudad` (departamento,nombre) VALUES (52,'LINARES ');
        INSERT INTO `ciudad` (departamento,nombre) VALUES (73,'LIBANO Tolima');
        INSERT INTO `ciudad` (departamento,nombre) VALUES (27,'LLORO ');
        INSERT INTO `ciudad` (departamento,nombre) VALUES (23,'LORICA ');
        INSERT INTO `ciudad` (departamento,nombre) VALUES (19,'LOPEZ ');
        INSERT INTO `ciudad` (departamento,nombre) VALUES (52,'LOS ANDES ');
        INSERT INTO `ciudad` (departamento,nombre) VALUES (54,'LOURDES ');
        INSERT INTO `ciudad` (departamento,nombre) VALUES (68,'LOS SANTOS ');
        INSERT INTO `ciudad` (departamento,nombre) VALUES (70,'LOS PALMITOS ');
        INSERT INTO `ciudad` (departamento,nombre) VALUES (23,'LOS CORDOBAS ');
        INSERT INTO `ciudad` (departamento,nombre) VALUES (44,'LA JAGUA DEL PILAR ');
        INSERT INTO `ciudad` (departamento,nombre) VALUES (8,'LURUACO ');
        INSERT INTO `ciudad` (departamento,nombre) VALUES (5,'MACEO ');
        INSERT INTO `ciudad` (departamento,nombre) VALUES (15,'MACANAL ');
        INSERT INTO `ciudad` (departamento,nombre) VALUES (27,'MEDIO ATRATO ');
        INSERT INTO `ciudad` (departamento,nombre) VALUES (68,'MACARAVITA ');
        INSERT INTO `ciudad` (departamento,nombre) VALUES (25,'MACHETA ');
        INSERT INTO `ciudad` (departamento,nombre) VALUES (52,'MAGüI ');
        INSERT INTO `ciudad` (departamento,nombre) VALUES (70,'MAJAGUAL ');
        INSERT INTO `ciudad` (departamento,nombre) VALUES (13,'MAGANGUE ');
        INSERT INTO `ciudad` (departamento,nombre) VALUES (25,'MADRID ');
        INSERT INTO `ciudad` (departamento,nombre) VALUES (27,'MEDIO BAUDO ');
        INSERT INTO `ciudad` (departamento,nombre) VALUES (44,'MAICAO ');
        INSERT INTO `ciudad` (departamento,nombre) VALUES (85,'TRINIDAD ');
        INSERT INTO `ciudad` (departamento,nombre) VALUES (91,'LA VICTORIA ');
        INSERT INTO `ciudad` (departamento,nombre) VALUES (68,'MALAGA ');
        INSERT INTO `ciudad` (departamento,nombre) VALUES (8,'MALAMBO ');
        INSERT INTO `ciudad` (departamento,nombre) VALUES (13,'MAHATES ');
        INSERT INTO `ciudad` (departamento,nombre) VALUES (17,'MANZANARES ');
        INSERT INTO `ciudad` (departamento,nombre) VALUES (52,'MALLAMA ');
        INSERT INTO `ciudad` (departamento,nombre) VALUES (8,'MANATI ');
        INSERT INTO `ciudad` (departamento,nombre) VALUES (25,'MANTA ');
        INSERT INTO `ciudad` (departamento,nombre) VALUES (25,'MEDINA ');
        INSERT INTO `ciudad` (departamento,nombre) VALUES (5,'MARINILLA ');
        INSERT INTO `ciudad` (departamento,nombre) VALUES (13,'MARGARITA ');
        INSERT INTO `ciudad` (departamento,nombre) VALUES (66,'MARSELLA ');
        INSERT INTO `ciudad` (departamento,nombre) VALUES (85,'VILLANUEVA ');
        INSERT INTO `ciudad` (departamento,nombre) VALUES (13,'MARIA LA BAJA ');
        INSERT INTO `ciudad` (departamento,nombre) VALUES (15,'MARIPI ');
        INSERT INTO `ciudad` (departamento,nombre) VALUES (17,'MARMATO ');
        INSERT INTO `ciudad` (departamento,nombre) VALUES (20,'MANAURE ');
        INSERT INTO `ciudad` (departamento,nombre) VALUES (73,'MARIQUITA Tolima');
        INSERT INTO `ciudad` (departamento,nombre) VALUES (17,'MARQUETALIA ');
        INSERT INTO `ciudad` (departamento,nombre) VALUES (68,'MATANZA ');
        INSERT INTO `ciudad` (departamento,nombre) VALUES (17,'MARULANDA ');
        INSERT INTO `ciudad` (departamento,nombre) VALUES (73,'MELGAR Tolima');
        INSERT INTO `ciudad` (departamento,nombre) VALUES (19,'MERCADERES ');
        INSERT INTO `ciudad` (departamento,nombre) VALUES (27,'MEDIO SAN JUAN ');
        INSERT INTO `ciudad` (departamento,nombre) VALUES (50,'PUERTO CONCORDIA ');
        INSERT INTO `ciudad` (departamento,nombre) VALUES (15,'MIRAFLORES ');
        INSERT INTO `ciudad` (departamento,nombre) VALUES (19,'MIRANDA ');
        INSERT INTO `ciudad` (departamento,nombre) VALUES (66,'MISTRATO ');
        INSERT INTO `ciudad` (departamento,nombre) VALUES (13,'MONTECRISTO ');
        INSERT INTO `ciudad` (departamento,nombre) VALUES (18,'MILAN ');
        INSERT INTO `ciudad` (departamento,nombre) VALUES (47,'NUEVA GRANADA ');
        INSERT INTO `ciudad` (departamento,nombre) VALUES (91,'MIRITI - PARANA ');
        INSERT INTO `ciudad` (departamento,nombre) VALUES (73,'MURILLO Tolima');
        INSERT INTO `ciudad` (departamento,nombre) VALUES (15,'MONGUA ');
        INSERT INTO `ciudad` (departamento,nombre) VALUES (23,'MOMIL ');
        INSERT INTO `ciudad` (departamento,nombre) VALUES (68,'MOGOTES ');
        INSERT INTO `ciudad` (departamento,nombre) VALUES (15,'MONGUI ');
        INSERT INTO `ciudad` (departamento,nombre) VALUES (23,'MONTELIBANO ');
        INSERT INTO `ciudad` (departamento,nombre) VALUES (5,'MONTEBELLO ');
        INSERT INTO `ciudad` (departamento,nombre) VALUES (13,'MOMPOS ');
        INSERT INTO `ciudad` (departamento,nombre) VALUES (68,'MOLAGAVITA ');
        INSERT INTO `ciudad` (departamento,nombre) VALUES (15,'MONIQUIRA ');
        INSERT INTO `ciudad` (departamento,nombre) VALUES (63,'MONTENEGRO ');
        INSERT INTO `ciudad` (departamento,nombre) VALUES (13,'MORALES ');
        INSERT INTO `ciudad` (departamento,nombre) VALUES (19,'MORALES ');
        INSERT INTO `ciudad` (departamento,nombre) VALUES (25,'MOSQUERA ');
        INSERT INTO `ciudad` (departamento,nombre) VALUES (52,'MOSQUERA ');
        INSERT INTO `ciudad` (departamento,nombre) VALUES (70,'MORROA ');
        INSERT INTO `ciudad` (departamento,nombre) VALUES (5,'MURINDO ');
        INSERT INTO `ciudad` (departamento,nombre) VALUES (15,'MOTAVITA ');
        INSERT INTO `ciudad` (departamento,nombre) VALUES (18,'MORELIA ');
        INSERT INTO `ciudad` (departamento,nombre) VALUES (5,'MUTATA ');
        INSERT INTO `ciudad` (departamento,nombre) VALUES (15,'MUZO ');
        INSERT INTO `ciudad` (departamento,nombre) VALUES (52,'NARIÑO ');
        INSERT INTO `ciudad` (departamento,nombre) VALUES (54,'MUTISCUA ');
        INSERT INTO `ciudad` (departamento,nombre) VALUES (5,'NARIÑO ');
        INSERT INTO `ciudad` (departamento,nombre) VALUES (25,'NARIÑO ');
        INSERT INTO `ciudad` (departamento,nombre) VALUES (41,'NATAGA ');
        INSERT INTO `ciudad` (departamento,nombre) VALUES (73,'NATAGAIMA Tolima');
        INSERT INTO `ciudad` (departamento,nombre) VALUES (17,'NEIRA ');
        INSERT INTO `ciudad` (departamento,nombre) VALUES (25,'NEMOCON ');
        INSERT INTO `ciudad` (departamento,nombre) VALUES (25,'NILO ');
        INSERT INTO `ciudad` (departamento,nombre) VALUES (25,'NIMAIMA ');
        INSERT INTO `ciudad` (departamento,nombre) VALUES (5,'NECOCLI ');
        INSERT INTO `ciudad` (departamento,nombre) VALUES (52,'OLAYA HERRERA ');
        INSERT INTO `ciudad` (departamento,nombre) VALUES (15,'NOBSA ');
        INSERT INTO `ciudad` (departamento,nombre) VALUES (25,'NOCAIMA ');
        INSERT INTO `ciudad` (departamento,nombre) VALUES (27,'NOVITA ');
        INSERT INTO `ciudad` (departamento,nombre) VALUES (15,'NUEVO COLON ');
        INSERT INTO `ciudad` (departamento,nombre) VALUES (5,'NECHI ');
        INSERT INTO `ciudad` (departamento,nombre) VALUES (17,'NORCASIA ');
        INSERT INTO `ciudad` (departamento,nombre) VALUES (27,'NUQUI ');
        INSERT INTO `ciudad` (departamento,nombre) VALUES (76,'OBANDO ');
        INSERT INTO `ciudad` (departamento,nombre) VALUES (54,'OCAÑA ');
        INSERT INTO `ciudad` (departamento,nombre) VALUES (68,'OCAMONTE ');
        INSERT INTO `ciudad` (departamento,nombre) VALUES (15,'OICATA ');
        INSERT INTO `ciudad` (departamento,nombre) VALUES (23,'MOÑITOS ');
        INSERT INTO `ciudad` (departamento,nombre) VALUES (68,'OIBA ');
        INSERT INTO `ciudad` (departamento,nombre) VALUES (5,'OLAYA ');
        INSERT INTO `ciudad` (departamento,nombre) VALUES (68,'ONZAGA ');
        INSERT INTO `ciudad` (departamento,nombre) VALUES (41,'OPORAPA ');
        INSERT INTO `ciudad` (departamento,nombre) VALUES (73,'ORTEGA Tolima');
        INSERT INTO `ciudad` (departamento,nombre) VALUES (25,'VENECIA ');
        INSERT INTO `ciudad` (departamento,nombre) VALUES (52,'OSPINA ');
        INSERT INTO `ciudad` (departamento,nombre) VALUES (15,'OTANCHE ');
        INSERT INTO `ciudad` (departamento,nombre) VALUES (70,'OVEJAS ');
        INSERT INTO `ciudad` (departamento,nombre) VALUES (15,'PACHAVITA ');
        INSERT INTO `ciudad` (departamento,nombre) VALUES (97,'PACOA ');
        INSERT INTO `ciudad` (departamento,nombre) VALUES (17,'PACORA ');
        INSERT INTO `ciudad` (departamento,nombre) VALUES (19,'PADILLA ');
        INSERT INTO `ciudad` (departamento,nombre) VALUES (25,'PACHO ');
        INSERT INTO `ciudad` (departamento,nombre) VALUES (15,'PAEZ ');
        INSERT INTO `ciudad` (departamento,nombre) VALUES (15,'PAIPA ');
        INSERT INTO `ciudad` (departamento,nombre) VALUES (19,'PAEZ ');
        INSERT INTO `ciudad` (departamento,nombre) VALUES (20,'PAILITAS ');
        INSERT INTO `ciudad` (departamento,nombre) VALUES (15,'PAJARITO ');
        INSERT INTO `ciudad` (departamento,nombre) VALUES (25,'PAIME ');
        INSERT INTO `ciudad` (departamento,nombre) VALUES (41,'PAICOL ');
        INSERT INTO `ciudad` (departamento,nombre) VALUES (54,'PAMPLONA ');
        INSERT INTO `ciudad` (departamento,nombre) VALUES (8,'PALMAR DE VARELA ');
        INSERT INTO `ciudad` (departamento,nombre) VALUES (52,'FRANCISCO PIZARRO ');
        INSERT INTO `ciudad` (departamento,nombre) VALUES (54,'PAMPLONITA ');
        INSERT INTO `ciudad` (departamento,nombre) VALUES (73,'PALOCABILDO Tolima');
        INSERT INTO `ciudad` (departamento,nombre) VALUES (76,'PALMIRA ');
        INSERT INTO `ciudad` (departamento,nombre) VALUES (15,'PANQUEBA ');
        INSERT INTO `ciudad` (departamento,nombre) VALUES (68,'PALMAR ');
        INSERT INTO `ciudad` (departamento,nombre) VALUES (70,'PALMITO ');
        INSERT INTO `ciudad` (departamento,nombre) VALUES (17,'PALESTINA ');
        INSERT INTO `ciudad` (departamento,nombre) VALUES (25,'PANDI ');
        INSERT INTO `ciudad` (departamento,nombre) VALUES (41,'PALERMO ');
        INSERT INTO `ciudad` (departamento,nombre) VALUES (68,'PALMAS DEL SOCORRO ');
        INSERT INTO `ciudad` (departamento,nombre) VALUES (99,'LA PRIMAVERA ');
        INSERT INTO `ciudad` (departamento,nombre) VALUES (25,'PARATEBUENO ');
        INSERT INTO `ciudad` (departamento,nombre) VALUES (41,'PALESTINA ');
        INSERT INTO `ciudad` (departamento,nombre) VALUES (91,'PUERTO ALEGRIA ');
        INSERT INTO `ciudad` (departamento,nombre) VALUES (15,'PAUNA ');
        INSERT INTO `ciudad` (departamento,nombre) VALUES (19,'PATIA ');
        INSERT INTO `ciudad` (departamento,nombre) VALUES (15,'PAYA ');
        INSERT INTO `ciudad` (departamento,nombre) VALUES (19,'PIAMONTE ');
        INSERT INTO `ciudad` (departamento,nombre) VALUES (68,'PARAMO ');
        INSERT INTO `ciudad` (departamento,nombre) VALUES (25,'PASCA ');
        INSERT INTO `ciudad` (departamento,nombre) VALUES (91,'PUERTO ARICA ');
        INSERT INTO `ciudad` (departamento,nombre) VALUES (15,'PAZ DE RIO ');
        INSERT INTO `ciudad` (departamento,nombre) VALUES (52,'POLICARPA ');
        INSERT INTO `ciudad` (departamento,nombre) VALUES (91,'PUERTO NARIÑO ');
        INSERT INTO `ciudad` (departamento,nombre) VALUES (5,'PEÑOL ');
        INSERT INTO `ciudad` (departamento,nombre) VALUES (17,'PENSILVANIA ');
        INSERT INTO `ciudad` (departamento,nombre) VALUES (47,'PEDRAZA ');
        INSERT INTO `ciudad` (departamento,nombre) VALUES (15,'PESCA ');
        INSERT INTO `ciudad` (departamento,nombre) VALUES (5,'PEQUE ');
        INSERT INTO `ciudad` (departamento,nombre) VALUES (47,'PIJIÑO DEL CARMEN ');
        INSERT INTO `ciudad` (departamento,nombre) VALUES (68,'PIEDECUESTA ');
        INSERT INTO `ciudad` (departamento,nombre) VALUES (73,'PIEDRAS Tolima');
        INSERT INTO `ciudad` (departamento,nombre) VALUES (19,'PIENDAMO ');
        INSERT INTO `ciudad` (departamento,nombre) VALUES (41,'PITAL ');
        INSERT INTO `ciudad` (departamento,nombre) VALUES (63,'PIJAO ');
        INSERT INTO `ciudad` (departamento,nombre) VALUES (8,'PIOJO ');
        INSERT INTO `ciudad` (departamento,nombre) VALUES (13,'PINILLOS ');
        INSERT INTO `ciudad` (departamento,nombre) VALUES (68,'PINCHOTE ');
        INSERT INTO `ciudad` (departamento,nombre) VALUES (15,'PISBA ');
        INSERT INTO `ciudad` (departamento,nombre) VALUES (20,'PELAYA ');
        INSERT INTO `ciudad` (departamento,nombre) VALUES (41,'PITALITO ');
        INSERT INTO `ciudad` (departamento,nombre) VALUES (47,'PIVIJAY ');
        INSERT INTO `ciudad` (departamento,nombre) VALUES (54,'PUERTO SANTANDER ');
        INSERT INTO `ciudad` (departamento,nombre) VALUES (23,'PLANETA RICA ');
        INSERT INTO `ciudad` (departamento,nombre) VALUES (47,'PLATO ');
        INSERT INTO `ciudad` (departamento,nombre) VALUES (73,'PLANADAS Tolima');
        INSERT INTO `ciudad` (departamento,nombre) VALUES (8,'POLONUEVO ');
        INSERT INTO `ciudad` (departamento,nombre) VALUES (8,'PONEDERA ');
        INSERT INTO `ciudad` (departamento,nombre) VALUES (44,'MANAURE ');
        INSERT INTO `ciudad` (departamento,nombre) VALUES (52,'POTOSI ');
        INSERT INTO `ciudad` (departamento,nombre) VALUES (73,'PRADO Tolima');
        INSERT INTO `ciudad` (departamento,nombre) VALUES (76,'PRADERA ');
        INSERT INTO `ciudad` (departamento,nombre) VALUES (88,'PROVIDENCIA ');
        INSERT INTO `ciudad` (departamento,nombre) VALUES (52,'PROVIDENCIA ');
        INSERT INTO `ciudad` (departamento,nombre) VALUES (50,'PUERTO GAITAN ');
        INSERT INTO `ciudad` (departamento,nombre) VALUES (86,'PUERTO ASIS ');
        INSERT INTO `ciudad` (departamento,nombre) VALUES (86,'PUERTO CAICEDO ');
        INSERT INTO `ciudad` (departamento,nombre) VALUES (20,'PUEBLO BELLO ');
        INSERT INTO `ciudad` (departamento,nombre) VALUES (23,'PUEBLO NUEVO ');
        INSERT INTO `ciudad` (departamento,nombre) VALUES (47,'PUEBLOVIEJO ');
        INSERT INTO `ciudad` (departamento,nombre) VALUES (86,'PUERTO GUZMAN ');
        INSERT INTO `ciudad` (departamento,nombre) VALUES (15,'PUERTO BOYACA ');
        INSERT INTO `ciudad` (departamento,nombre) VALUES (25,'PUERTO SALGAR ');
        INSERT INTO `ciudad` (departamento,nombre) VALUES (66,'PUEBLO RICO ');
        INSERT INTO `ciudad` (departamento,nombre) VALUES (68,'PUENTE NACIONAL ');
        INSERT INTO `ciudad` (departamento,nombre) VALUES (8,'PUERTO COLOMBIA ');
        INSERT INTO `ciudad` (departamento,nombre) VALUES (19,'PUERTO TEJADA ');
        INSERT INTO `ciudad` (departamento,nombre) VALUES (50,'PUERTO LOPEZ ');
        INSERT INTO `ciudad` (departamento,nombre) VALUES (52,'PUERRES ');
        INSERT INTO `ciudad` (departamento,nombre) VALUES (68,'PUERTO PARRA ');
        INSERT INTO `ciudad` (departamento,nombre) VALUES (86,'LEGUIZAMO ');
        INSERT INTO `ciudad` (departamento,nombre) VALUES (23,'PUERTO ESCONDIDO ');
        INSERT INTO `ciudad` (departamento,nombre) VALUES (68,'PUERTO WILCHES ');
        INSERT INTO `ciudad` (departamento,nombre) VALUES (5,'PUEBLORRICO ');
        INSERT INTO `ciudad` (departamento,nombre) VALUES (50,'PUERTO LLERAS ');
        INSERT INTO `ciudad` (departamento,nombre) VALUES (5,'PUERTO BERRIO ');
        INSERT INTO `ciudad` (departamento,nombre) VALUES (13,'REGIDOR ');
        INSERT INTO `ciudad` (departamento,nombre) VALUES (15,'QUIPAMA ');
        INSERT INTO `ciudad` (departamento,nombre) VALUES (23,'PUERTO LIBERTADOR ');
        INSERT INTO `ciudad` (departamento,nombre) VALUES (25,'PULI ');
        INSERT INTO `ciudad` (departamento,nombre) VALUES (27,'RIO IRO ');
        INSERT INTO `ciudad` (departamento,nombre) VALUES (5,'PUERTO NARE ');
        INSERT INTO `ciudad` (departamento,nombre) VALUES (19,'PURACE ');
        INSERT INTO `ciudad` (departamento,nombre) VALUES (52,'PUPIALES ');
        INSERT INTO `ciudad` (departamento,nombre) VALUES (73,'PURIFICACION Tolima');
        INSERT INTO `ciudad` (departamento,nombre) VALUES (23,'PURISIMA ');
        INSERT INTO `ciudad` (departamento,nombre) VALUES (50,'PUERTO RICO ');
        INSERT INTO `ciudad` (departamento,nombre) VALUES (5,'PUERTO TRIUNFO ');
        INSERT INTO `ciudad` (departamento,nombre) VALUES (81,'PUERTO RONDON ');
        INSERT INTO `ciudad` (departamento,nombre) VALUES (18,'PUERTO RICO ');
        INSERT INTO `ciudad` (departamento,nombre) VALUES (25,'QUEBRADANEGRA ');
        INSERT INTO `ciudad` (departamento,nombre) VALUES (25,'QUETAME ');
        INSERT INTO `ciudad` (departamento,nombre) VALUES (63,'QUIMBAYA ');
        INSERT INTO `ciudad` (departamento,nombre) VALUES (66,'QUINCHIA ');
        INSERT INTO `ciudad` (departamento,nombre) VALUES (25,'QUIPILE ');
        INSERT INTO `ciudad` (departamento,nombre) VALUES (15,'RAMIRIQUI ');
        INSERT INTO `ciudad` (departamento,nombre) VALUES (25,'APULO ');
        INSERT INTO `ciudad` (departamento,nombre) VALUES (54,'RAGONVALIA ');
        INSERT INTO `ciudad` (departamento,nombre) VALUES (13,'RIO VIEJO ');
        INSERT INTO `ciudad` (departamento,nombre) VALUES (15,'RAQUIRA ');
        INSERT INTO `ciudad` (departamento,nombre) VALUES (27,'RIO QUITO ');
        INSERT INTO `ciudad` (departamento,nombre) VALUES (5,'REMEDIOS ');
        INSERT INTO `ciudad` (departamento,nombre) VALUES (47,'REMOLINO ');
        INSERT INTO `ciudad` (departamento,nombre) VALUES (8,'REPELON ');
        INSERT INTO `ciudad` (departamento,nombre) VALUES (50,'RESTREPO ');
        INSERT INTO `ciudad` (departamento,nombre) VALUES (76,'RESTREPO ');
        INSERT INTO `ciudad` (departamento,nombre) VALUES (5,'RETIRO ');
        INSERT INTO `ciudad` (departamento,nombre) VALUES (18,'SAN JOSE DE LA FRAGUA ');
        INSERT INTO `ciudad` (departamento,nombre) VALUES (25,'RICAURTE ');
        INSERT INTO `ciudad` (departamento,nombre) VALUES (52,'RICAURTE ');
        INSERT INTO `ciudad` (departamento,nombre) VALUES (17,'RIOSUCIO ');
        INSERT INTO `ciudad` (departamento,nombre) VALUES (20,'RIO DE ORO ');
        INSERT INTO `ciudad` (departamento,nombre) VALUES (5,'RIONEGRO ');
        INSERT INTO `ciudad` (departamento,nombre) VALUES (27,'RIOSUCIO ');
        INSERT INTO `ciudad` (departamento,nombre) VALUES (41,'RIVERA ');
        INSERT INTO `ciudad` (departamento,nombre) VALUES (68,'RIONEGRO ');
        INSERT INTO `ciudad` (departamento,nombre) VALUES (17,'RISARALDA ');
        INSERT INTO `ciudad` (departamento,nombre) VALUES (73,'RIOBLANCO Tolima');
        INSERT INTO `ciudad` (departamento,nombre) VALUES (76,'RIOFRIO ');
        INSERT INTO `ciudad` (departamento,nombre) VALUES (13,'SAN CRISTOBAL ');
        INSERT INTO `ciudad` (departamento,nombre) VALUES (15,'RONDON ');
        INSERT INTO `ciudad` (departamento,nombre) VALUES (20,'LA PAZ ');
        INSERT INTO `ciudad` (departamento,nombre) VALUES (52,'ROBERTO PAYAN ');
        INSERT INTO `ciudad` (departamento,nombre) VALUES (19,'ROSAS ');
        INSERT INTO `ciudad` (departamento,nombre) VALUES (73,'RONCESVALLES Tolima');
        INSERT INTO `ciudad` (departamento,nombre) VALUES (76,'ROLDANILLO ');
        INSERT INTO `ciudad` (departamento,nombre) VALUES (73,'ROVIRA Tolima');
        INSERT INTO `ciudad` (departamento,nombre) VALUES (99,'SANTA ROSALIA ');
        INSERT INTO `ciudad` (departamento,nombre) VALUES (5,'SABANALARGA ');
        INSERT INTO `ciudad` (departamento,nombre) VALUES (5,'SABANETA ');
        INSERT INTO `ciudad` (departamento,nombre) VALUES (15,'SABOYA ');
        INSERT INTO `ciudad` (departamento,nombre) VALUES (8,'SABANAGRANDE ');
        INSERT INTO `ciudad` (departamento,nombre) VALUES (8,'SABANALARGA ');
        INSERT INTO `ciudad` (departamento,nombre) VALUES (15,'SACHICA ');
        INSERT INTO `ciudad` (departamento,nombre) VALUES (5,'SALGAR ');
        INSERT INTO `ciudad` (departamento,nombre) VALUES (25,'SAN ANTONIO DEL TEQUENDAMA ');
        INSERT INTO `ciudad` (departamento,nombre) VALUES (15,'SAMACA ');
        INSERT INTO `ciudad` (departamento,nombre) VALUES (5,'SAN ANDRES ');
        INSERT INTO `ciudad` (departamento,nombre) VALUES (13,'SAN ESTANISLAO ');
        INSERT INTO `ciudad` (departamento,nombre) VALUES (5,'SAN CARLOS ');
        INSERT INTO `ciudad` (departamento,nombre) VALUES (25,'SAN BERNARDO ');
        INSERT INTO `ciudad` (departamento,nombre) VALUES (13,'SAN FERNANDO ');
        INSERT INTO `ciudad` (departamento,nombre) VALUES (44,'SAN JUAN DEL CESAR ');
        INSERT INTO `ciudad` (departamento,nombre) VALUES (5,'SAN FRANCISCO ');
        INSERT INTO `ciudad` (departamento,nombre) VALUES (17,'SALAMINA ');
        INSERT INTO `ciudad` (departamento,nombre) VALUES (25,'SAN CAYETANO ');
        INSERT INTO `ciudad` (departamento,nombre) VALUES (13,'SAN JACINTO ');
        INSERT INTO `ciudad` (departamento,nombre) VALUES (13,'SAN JACINTO DEL CAUCA ');
        INSERT INTO `ciudad` (departamento,nombre) VALUES (68,'SABANA DE TORRES ');
        INSERT INTO `ciudad` (departamento,nombre) VALUES (5,'SAN JERONIMO ');
        INSERT INTO `ciudad` (departamento,nombre) VALUES (13,'SAN JUAN NEPOMUCENO ');
        INSERT INTO `ciudad` (departamento,nombre) VALUES (5,'SAN JOSE DE LA MONTAÑA ');
        INSERT INTO `ciudad` (departamento,nombre) VALUES (25,'SAN FRANCISCO ');
        INSERT INTO `ciudad` (departamento,nombre) VALUES (5,'SAN JUAN DE URABA ');
        INSERT INTO `ciudad` (departamento,nombre) VALUES (5,'SAN LUIS ');
        INSERT INTO `ciudad` (departamento,nombre) VALUES (15,'SAN EDUARDO ');
        INSERT INTO `ciudad` (departamento,nombre) VALUES (23,'SAHAGUN ');
        INSERT INTO `ciudad` (departamento,nombre) VALUES (27,'SAN JOSE DEL PALMAR ');
        INSERT INTO `ciudad` (departamento,nombre) VALUES (41,'SALADOBLANCO ');
        INSERT INTO `ciudad` (departamento,nombre) VALUES (47,'SABANAS DE SAN ANGEL ');
        INSERT INTO `ciudad` (departamento,nombre) VALUES (54,'SALAZAR ');
        INSERT INTO `ciudad` (departamento,nombre) VALUES (17,'SAMANA ');
        INSERT INTO `ciudad` (departamento,nombre) VALUES (25,'SAN JUAN DE RIO SECO ');
        INSERT INTO `ciudad` (departamento,nombre) VALUES (94,'MAPIRIPANA ');
        INSERT INTO `ciudad` (departamento,nombre) VALUES (5,'SAN PEDRO ');
        INSERT INTO `ciudad` (departamento,nombre) VALUES (15,'SAN JOSE DE PARE ');
        INSERT INTO `ciudad` (departamento,nombre) VALUES (5,'SAN PEDRO DE URABA ');
        INSERT INTO `ciudad` (departamento,nombre) VALUES (17,'SAN JOSE ');
        INSERT INTO `ciudad` (departamento,nombre) VALUES (97,'TARAIRA ');
        INSERT INTO `ciudad` (departamento,nombre) VALUES (5,'SAN RAFAEL ');
        INSERT INTO `ciudad` (departamento,nombre) VALUES (13,'SAN MARTIN DE LOBA ');
        INSERT INTO `ciudad` (departamento,nombre) VALUES (15,'SAN LUIS DE GACENO ');
        INSERT INTO `ciudad` (departamento,nombre) VALUES (41,'SAN AGUSTIN ');
        INSERT INTO `ciudad` (departamento,nombre) VALUES (68,'SAN ANDRES ');
        INSERT INTO `ciudad` (departamento,nombre) VALUES (91,'PUERTO SANTANDER ');
        INSERT INTO `ciudad` (departamento,nombre) VALUES (5,'SAN ROQUE ');
        INSERT INTO `ciudad` (departamento,nombre) VALUES (13,'SAN PABLO ');
        INSERT INTO `ciudad` (departamento,nombre) VALUES (23,'SAN ANDRES DE SOTAVENTO ');
        INSERT INTO `ciudad` (departamento,nombre) VALUES (54,'SAN CALIXTO ');
        INSERT INTO `ciudad` (departamento,nombre) VALUES (70,'SAMPUES ');
        INSERT INTO `ciudad` (departamento,nombre) VALUES (76,'SAN PEDRO ');
        INSERT INTO `ciudad` (departamento,nombre) VALUES (73,'SALDAÑA Tolima');
        INSERT INTO `ciudad` (departamento,nombre) VALUES (23,'SAN ANTERO ');
        INSERT INTO `ciudad` (departamento,nombre) VALUES (13,'SANTA CATALINA ');
        INSERT INTO `ciudad` (departamento,nombre) VALUES (15,'SAN MATEO ');
        INSERT INTO `ciudad` (departamento,nombre) VALUES (54,'SAN CAYETANO ');
        INSERT INTO `ciudad` (departamento,nombre) VALUES (68,'SAN BENITO ');
        INSERT INTO `ciudad` (departamento,nombre) VALUES (5,'SAN VICENTE ');
        INSERT INTO `ciudad` (departamento,nombre) VALUES (8,'SANTA LUCIA ');
        INSERT INTO `ciudad` (departamento,nombre) VALUES (23,'SAN BERNARDO DEL VIENTO ');
        INSERT INTO `ciudad` (departamento,nombre) VALUES (47,'SALAMINA ');
        INSERT INTO `ciudad` (departamento,nombre) VALUES (73,'SAN ANTONIO Tolima');
        INSERT INTO `ciudad` (departamento,nombre) VALUES (15,'SAN MIGUEL DE SEMA ');
        INSERT INTO `ciudad` (departamento,nombre) VALUES (41,'SANTA MARIA ');
        INSERT INTO `ciudad` (departamento,nombre) VALUES (23,'SAN CARLOS ');
        INSERT INTO `ciudad` (departamento,nombre) VALUES (52,'SAMANIEGO ');
        INSERT INTO `ciudad` (departamento,nombre) VALUES (70,'SAN BENITO ABAD ');
        INSERT INTO `ciudad` (departamento,nombre) VALUES (73,'SAN LUIS Tolima');
        INSERT INTO `ciudad` (departamento,nombre) VALUES (5,'SANTA BARBARA ');
        INSERT INTO `ciudad` (departamento,nombre) VALUES (68,'SAN GIL ');
        INSERT INTO `ciudad` (departamento,nombre) VALUES (50,'SAN CARLOS DE GUAROA ');
        INSERT INTO `ciudad` (departamento,nombre) VALUES (54,'SANTIAGO ');
        INSERT INTO `ciudad` (departamento,nombre) VALUES (15,'SAN PABLO DE BORBUR ');
        INSERT INTO `ciudad` (departamento,nombre) VALUES (66,'SANTA ROSA DE CABAL ');
        INSERT INTO `ciudad` (departamento,nombre) VALUES (68,'SAN JOAQUIN ');
        INSERT INTO `ciudad` (departamento,nombre) VALUES (13,'SANTA ROSA ');
        INSERT INTO `ciudad` (departamento,nombre) VALUES (50,'SAN JUAN DE ARAMA ');
        INSERT INTO `ciudad` (departamento,nombre) VALUES (52,'SANDONA ');
        INSERT INTO `ciudad` (departamento,nombre) VALUES (68,'SAN JOSE DE MIRANDA ');
        INSERT INTO `ciudad` (departamento,nombre) VALUES (8,'SANTO TOMAS ');
        INSERT INTO `ciudad` (departamento,nombre) VALUES (52,'SAN BERNARDO ');
        INSERT INTO `ciudad` (departamento,nombre) VALUES (5,'SANTA ROSA DE OSOS ');
        INSERT INTO `ciudad` (departamento,nombre) VALUES (15,'SANTANA ');
        INSERT INTO `ciudad` (departamento,nombre) VALUES (23,'SAN PELAYO ');
        INSERT INTO `ciudad` (departamento,nombre) VALUES (50,'SAN JUANITO ');
        INSERT INTO `ciudad` (departamento,nombre) VALUES (68,'SAN MIGUEL ');
        INSERT INTO `ciudad` (departamento,nombre) VALUES (73,'SANTA ISABEL Tolima');
        INSERT INTO `ciudad` (departamento,nombre) VALUES (52,'SAN LORENZO ');
        INSERT INTO `ciudad` (departamento,nombre) VALUES (66,'SANTUARIO ');
        INSERT INTO `ciudad` (departamento,nombre) VALUES (13,'SANTA ROSA DEL SUR ');
        INSERT INTO `ciudad` (departamento,nombre) VALUES (50,'SAN MARTIN ');
        INSERT INTO `ciudad` (departamento,nombre) VALUES (68,'SAN VICENTE DE CHUCURI ');
        INSERT INTO `ciudad` (departamento,nombre) VALUES (5,'SANTO DOMINGO ');
        INSERT INTO `ciudad` (departamento,nombre) VALUES (15,'SANTA MARIA ');
        INSERT INTO `ciudad` (departamento,nombre) VALUES (63,'SALENTO ');
        INSERT INTO `ciudad` (departamento,nombre) VALUES (47,'SAN SEBASTIAN DE BUENAVISTA ');
        INSERT INTO `ciudad` (departamento,nombre) VALUES (15,'SANTA ROSA DE VITERBO ');
        INSERT INTO `ciudad` (departamento,nombre) VALUES (19,'SAN SEBASTIAN ');
        INSERT INTO `ciudad` (departamento,nombre) VALUES (52,'SAN PABLO ');
        INSERT INTO `ciudad` (departamento,nombre) VALUES (52,'SAN PEDRO DE CARTAGO ');
        INSERT INTO `ciudad` (departamento,nombre) VALUES (15,'SANTA SOFIA ');
        INSERT INTO `ciudad` (departamento,nombre) VALUES (52,'SANTA BARBARA ');
        INSERT INTO `ciudad` (departamento,nombre) VALUES (5,'EL SANTUARIO ');
        INSERT INTO `ciudad` (departamento,nombre) VALUES (19,'SANTANDER DE QUILICHAO ');
        INSERT INTO `ciudad` (departamento,nombre) VALUES (52,'SANTACRUZ ');
        INSERT INTO `ciudad` (departamento,nombre) VALUES (19,'SANTA ROSA ');
        INSERT INTO `ciudad` (departamento,nombre) VALUES (70,'SAN JUAN DE BETULIA ');
        INSERT INTO `ciudad` (departamento,nombre) VALUES (47,'SAN ZENON ');
        INSERT INTO `ciudad` (departamento,nombre) VALUES (68,'SANTA BARBARA ');
        INSERT INTO `ciudad` (departamento,nombre) VALUES (47,'SANTA ANA ');
        INSERT INTO `ciudad` (departamento,nombre) VALUES (70,'SAN MARCOS ');
        INSERT INTO `ciudad` (departamento,nombre) VALUES (20,'SAN ALBERTO ');
        INSERT INTO `ciudad` (departamento,nombre) VALUES (50,'VISTA HERMOSA ');
        INSERT INTO `ciudad` (departamento,nombre) VALUES (70,'SAN ONOFRE ');
        INSERT INTO `ciudad` (departamento,nombre) VALUES (70,'SAN PEDRO ');
        INSERT INTO `ciudad` (departamento,nombre) VALUES (25,'SASAIMA ');
        INSERT INTO `ciudad` (departamento,nombre) VALUES (15,'SATIVANORTE ');
        INSERT INTO `ciudad` (departamento,nombre) VALUES (47,'SANTA BARBARA DE PINTO ');
        INSERT INTO `ciudad` (departamento,nombre) VALUES (52,'SAPUYES ');
        INSERT INTO `ciudad` (departamento,nombre) VALUES (54,'SARDINATA ');
        INSERT INTO `ciudad` (departamento,nombre) VALUES (68,'SANTA HELENA DEL OPON ');
        INSERT INTO `ciudad` (departamento,nombre) VALUES (15,'SATIVASUR ');
        INSERT INTO `ciudad` (departamento,nombre) VALUES (5,'SEGOVIA ');
        INSERT INTO `ciudad` (departamento,nombre) VALUES (25,'SESQUILE ');
        INSERT INTO `ciudad` (departamento,nombre) VALUES (76,'SEVILLA ');
        INSERT INTO `ciudad` (departamento,nombre) VALUES (81,'SARAVENA ');
        INSERT INTO `ciudad` (departamento,nombre) VALUES (15,'SIACHOQUE ');
        INSERT INTO `ciudad` (departamento,nombre) VALUES (25,'SIBATE ');
        INSERT INTO `ciudad` (departamento,nombre) VALUES (70,'SINCE ');
        INSERT INTO `ciudad` (departamento,nombre) VALUES (19,'SILVIA ');
        INSERT INTO `ciudad` (departamento,nombre) VALUES (25,'SILVANIA ');
        INSERT INTO `ciudad` (departamento,nombre) VALUES (54,'SILOS ');
        INSERT INTO `ciudad` (departamento,nombre) VALUES (13,'SIMITI ');
        INSERT INTO `ciudad` (departamento,nombre) VALUES (25,'SIMIJACA ');
        INSERT INTO `ciudad` (departamento,nombre) VALUES (27,'SIPI ');
        INSERT INTO `ciudad` (departamento,nombre) VALUES (47,'SITIONUEVO ');
        INSERT INTO `ciudad` (departamento,nombre) VALUES (68,'SIMACOTA ');
        INSERT INTO `ciudad` (departamento,nombre) VALUES (86,'SIBUNDOY ');
        INSERT INTO `ciudad` (departamento,nombre) VALUES (20,'SAN DIEGO ');
        INSERT INTO `ciudad` (departamento,nombre) VALUES (15,'SOATA ');
        INSERT INTO `ciudad` (departamento,nombre) VALUES (18,'SAN VICENTE DEL CAGUAN ');
        INSERT INTO `ciudad` (departamento,nombre) VALUES (25,'SOACHA ');
        INSERT INTO `ciudad` (departamento,nombre) VALUES (15,'SOCOTA ');
        INSERT INTO `ciudad` (departamento,nombre) VALUES (68,'SOCORRO ');
        INSERT INTO `ciudad` (departamento,nombre) VALUES (86,'SAN FRANCISCO ');
        INSERT INTO `ciudad` (departamento,nombre) VALUES (5,'SONSON ');
        INSERT INTO `ciudad` (departamento,nombre) VALUES (18,'SOLANO ');
        INSERT INTO `ciudad` (departamento,nombre) VALUES (15,'SOCHA ');
        INSERT INTO `ciudad` (departamento,nombre) VALUES (86,'SAN MIGUEL ');
        INSERT INTO `ciudad` (departamento,nombre) VALUES (8,'SOLEDAD ');
        INSERT INTO `ciudad` (departamento,nombre) VALUES (25,'SOPO ');
        INSERT INTO `ciudad` (departamento,nombre) VALUES (15,'SOGAMOSO ');
        INSERT INTO `ciudad` (departamento,nombre) VALUES (13,'SOPLAVIENTO ');
        INSERT INTO `ciudad` (departamento,nombre) VALUES (19,'SOTARA ');
        INSERT INTO `ciudad` (departamento,nombre) VALUES (86,'SANTIAGO ');
        INSERT INTO `ciudad` (departamento,nombre) VALUES (5,'SOPETRAN ');
        INSERT INTO `ciudad` (departamento,nombre) VALUES (15,'SOMONDOCO ');
        INSERT INTO `ciudad` (departamento,nombre) VALUES (15,'SORA ');
        INSERT INTO `ciudad` (departamento,nombre) VALUES (15,'SOTAQUIRA ');
        INSERT INTO `ciudad` (departamento,nombre) VALUES (15,'SORACA ');
        INSERT INTO `ciudad` (departamento,nombre) VALUES (25,'SUBACHOQUE ');
        INSERT INTO `ciudad` (departamento,nombre) VALUES (8,'08770 SUAN ');
        INSERT INTO `ciudad` (departamento,nombre) VALUES (20,'SAN MARTIN ');
        INSERT INTO `ciudad` (departamento,nombre) VALUES (41,'SUAZA ');
        INSERT INTO `ciudad` (departamento,nombre) VALUES (68,'SUAITA ');
        INSERT INTO `ciudad` (departamento,nombre) VALUES (73,'SUAREZ Tolima');
        INSERT INTO `ciudad` (departamento,nombre) VALUES (70,'SUCRE ');
        INSERT INTO `ciudad` (departamento,nombre) VALUES (25,'SUESCA ');
        INSERT INTO `ciudad` (departamento,nombre) VALUES (68,'SUCRE ');
        INSERT INTO `ciudad` (departamento,nombre) VALUES (99,'CUMARIBO ');
        INSERT INTO `ciudad` (departamento,nombre) VALUES (15,'SUSACON ');
        INSERT INTO `ciudad` (departamento,nombre) VALUES (15,'SUTAMARCHAN ');
        INSERT INTO `ciudad` (departamento,nombre) VALUES (17,'SUPIA ');
        INSERT INTO `ciudad` (departamento,nombre) VALUES (25,'SUPATA ');
        INSERT INTO `ciudad` (departamento,nombre) VALUES (97,'PAPUNAUA ');
        INSERT INTO `ciudad` (departamento,nombre) VALUES (15,'SUTATENZA ');
        INSERT INTO `ciudad` (departamento,nombre) VALUES (25,'SUSA ');
        INSERT INTO `ciudad` (departamento,nombre) VALUES (13,'TALAIGUA NUEVO ');
        INSERT INTO `ciudad` (departamento,nombre) VALUES (19,'SUAREZ ');
        INSERT INTO `ciudad` (departamento,nombre) VALUES (68,'SURATA ');
        INSERT INTO `ciudad` (departamento,nombre) VALUES (25,'SUTATAUSA ');
        INSERT INTO `ciudad` (departamento,nombre) VALUES (18,'SOLITA ');
        INSERT INTO `ciudad` (departamento,nombre) VALUES (19,'SUCRE ');
        INSERT INTO `ciudad` (departamento,nombre) VALUES (25,'TABIO ');
        INSERT INTO `ciudad` (departamento,nombre) VALUES (52,'TAMINANGO ');
        INSERT INTO `ciudad` (departamento,nombre) VALUES (20,'TAMALAMEQUE ');
        INSERT INTO `ciudad` (departamento,nombre) VALUES (27,'TADO ');
        INSERT INTO `ciudad` (departamento,nombre) VALUES (52,'TANGUA ');
        INSERT INTO `ciudad` (departamento,nombre) VALUES (5,'TAMESIS ');
        INSERT INTO `ciudad` (departamento,nombre) VALUES (5,'TARAZA ');
        INSERT INTO `ciudad` (departamento,nombre) VALUES (15,'TASCO ');
        INSERT INTO `ciudad` (departamento,nombre) VALUES (41,'TARQUI ');
        INSERT INTO `ciudad` (departamento,nombre) VALUES (5,'TARSO ');
        INSERT INTO `ciudad` (departamento,nombre) VALUES (25,'TAUSA ');
        INSERT INTO `ciudad` (departamento,nombre) VALUES (81,'TAME ');
        INSERT INTO `ciudad` (departamento,nombre) VALUES (25,'TENA ');
        INSERT INTO `ciudad` (departamento,nombre) VALUES (41,'TESALIA ');
        INSERT INTO `ciudad` (departamento,nombre) VALUES (15,'TENZA ');
        INSERT INTO `ciudad` (departamento,nombre) VALUES (47,'TENERIFE ');
        INSERT INTO `ciudad` (departamento,nombre) VALUES (91,'TARAPACA ');
        INSERT INTO `ciudad` (departamento,nombre) VALUES (25,'TENJO ');
        INSERT INTO `ciudad` (departamento,nombre) VALUES (41,'TELLO ');
        INSERT INTO `ciudad` (departamento,nombre) VALUES (27,'UNGUIA ');
        INSERT INTO `ciudad` (departamento,nombre) VALUES (54,'TEORAMA ');
        INSERT INTO `ciudad` (departamento,nombre) VALUES (41,'TERUEL ');
        INSERT INTO `ciudad` (departamento,nombre) VALUES (15,'TIBANA ');
        INSERT INTO `ciudad` (departamento,nombre) VALUES (25,'TIBACUY ');
        INSERT INTO `ciudad` (departamento,nombre) VALUES (15,'TIBASOSA ');
        INSERT INTO `ciudad` (departamento,nombre) VALUES (19,'TIMBIO ');
        INSERT INTO `ciudad` (departamento,nombre) VALUES (23,'TIERRALTA ');
        INSERT INTO `ciudad` (departamento,nombre) VALUES (25,'TIBIRITA ');
        INSERT INTO `ciudad` (departamento,nombre) VALUES (41,'TIMANA ');
        INSERT INTO `ciudad` (departamento,nombre) VALUES (15,'TINJACA ');
        INSERT INTO `ciudad` (departamento,nombre) VALUES (5,'TITIRIBI ');
        INSERT INTO `ciudad` (departamento,nombre) VALUES (19,'TIMBIQUI ');
        INSERT INTO `ciudad` (departamento,nombre) VALUES (13,'TIQUISIO ');
        INSERT INTO `ciudad` (departamento,nombre) VALUES (15,'TIPACOQUE ');
        INSERT INTO `ciudad` (departamento,nombre) VALUES (27,'UNION PANAMERICANA ');
        INSERT INTO `ciudad` (departamento,nombre) VALUES (54,'TIBU ');
        INSERT INTO `ciudad` (departamento,nombre) VALUES (15,'TOCA ');
        INSERT INTO `ciudad` (departamento,nombre) VALUES (25,'TOCAIMA ');
        INSERT INTO `ciudad` (departamento,nombre) VALUES (15,'TOGüI ');
        INSERT INTO `ciudad` (departamento,nombre) VALUES (25,'TOCANCIPA ');
        INSERT INTO `ciudad` (departamento,nombre) VALUES (5,'TOLEDO ');
        INSERT INTO `ciudad` (departamento,nombre) VALUES (15,'TOPAGA ');
        INSERT INTO `ciudad` (departamento,nombre) VALUES (54,'TOLEDO ');
        INSERT INTO `ciudad` (departamento,nombre) VALUES (68,'TONA ');
        INSERT INTO `ciudad` (departamento,nombre) VALUES (70,'SANTIAGO DE TOLU ');
        INSERT INTO `ciudad` (departamento,nombre) VALUES (19,'TORIBIO ');
        INSERT INTO `ciudad` (departamento,nombre) VALUES (15,'TOTA ');
        INSERT INTO `ciudad` (departamento,nombre) VALUES (25,'TOPAIPI ');
        INSERT INTO `ciudad` (departamento,nombre) VALUES (70,'TOLUVIEJO ');
        INSERT INTO `ciudad` (departamento,nombre) VALUES (76,'TORO ');
        INSERT INTO `ciudad` (departamento,nombre) VALUES (19,'TOTORO ');
        INSERT INTO `ciudad` (departamento,nombre) VALUES (76,'TRUJILLO ');
        INSERT INTO `ciudad` (departamento,nombre) VALUES (8,'TUBARA ');
        INSERT INTO `ciudad` (departamento,nombre) VALUES (15,'TUNUNGUA ');
        INSERT INTO `ciudad` (departamento,nombre) VALUES (76,'TULUA ');
        INSERT INTO `ciudad` (departamento,nombre) VALUES (15,'TURMEQUE ');
        INSERT INTO `ciudad` (departamento,nombre) VALUES (52,'TUMACO ');
        INSERT INTO `ciudad` (departamento,nombre) VALUES (13,'TURBACO ');
        INSERT INTO `ciudad` (departamento,nombre) VALUES (5,'TURBO ');
        INSERT INTO `ciudad` (departamento,nombre) VALUES (15,'TUTA ');
        INSERT INTO `ciudad` (departamento,nombre) VALUES (13,'TURBANA ');
        INSERT INTO `ciudad` (departamento,nombre) VALUES (52,'TUQUERRES ');
        INSERT INTO `ciudad` (departamento,nombre) VALUES (15,'TUTAZA ');
        INSERT INTO `ciudad` (departamento,nombre) VALUES (25,'UBALA ');
        INSERT INTO `ciudad` (departamento,nombre) VALUES (25,'UBAQUE ');
        INSERT INTO `ciudad` (departamento,nombre) VALUES (5,'URAMITA ');
        INSERT INTO `ciudad` (departamento,nombre) VALUES (15,'UMBITA ');
        INSERT INTO `ciudad` (departamento,nombre) VALUES (25,'VILLA DE SAN DIEGO DE UBATE ');
        INSERT INTO `ciudad` (departamento,nombre) VALUES (19,'VILLA RICA ');
        INSERT INTO `ciudad` (departamento,nombre) VALUES (25,'UNE ');
        INSERT INTO `ciudad` (departamento,nombre) VALUES (76,'ULLOA ');
        INSERT INTO `ciudad` (departamento,nombre) VALUES (5,'URRAO ');
        INSERT INTO `ciudad` (departamento,nombre) VALUES (44,'URIBIA ');
        INSERT INTO `ciudad` (departamento,nombre) VALUES (8,'USIACURI ');
        INSERT INTO `ciudad` (departamento,nombre) VALUES (25,'UTICA ');
        INSERT INTO `ciudad` (departamento,nombre) VALUES (5,'VALDIVIA ');
        INSERT INTO `ciudad` (departamento,nombre) VALUES (73,'VALLE DE SAN JUAN Tolima');
        INSERT INTO `ciudad` (departamento,nombre) VALUES (23,'VALENCIA ');
        INSERT INTO `ciudad` (departamento,nombre) VALUES (44,'URUMITA ');
        INSERT INTO `ciudad` (departamento,nombre) VALUES (68,'VALLE DE SAN JOSE ');
        INSERT INTO `ciudad` (departamento,nombre) VALUES (5,'VALPARAISO ');
        INSERT INTO `ciudad` (departamento,nombre) VALUES (5,'VEGACHI ');
        INSERT INTO `ciudad` (departamento,nombre) VALUES (18,'VALPARAISO ');
        INSERT INTO `ciudad` (departamento,nombre) VALUES (5,'VENECIA ');
        INSERT INTO `ciudad` (departamento,nombre) VALUES (15,'VENTAQUEMADA ');
        INSERT INTO `ciudad` (departamento,nombre) VALUES (68,'VELEZ ');
        INSERT INTO `ciudad` (departamento,nombre) VALUES (73,'VENADILLO Tolima');
        INSERT INTO `ciudad` (departamento,nombre) VALUES (25,'VERGARA ');
        INSERT INTO `ciudad` (departamento,nombre) VALUES (76,'VERSALLES ');
        INSERT INTO `ciudad` (departamento,nombre) VALUES (86,'VALLE DEL GUAMUEZ ');
        INSERT INTO `ciudad` (departamento,nombre) VALUES (17,'VICTORIA ');
        INSERT INTO `ciudad` (departamento,nombre) VALUES (25,'VIANI ');
        INSERT INTO `ciudad` (departamento,nombre) VALUES (68,'VETAS ');
        INSERT INTO `ciudad` (departamento,nombre) VALUES (76,'VIJES ');
        INSERT INTO `ciudad` (departamento,nombre) VALUES (73,'VILLAHERMOSA Tolima');
        INSERT INTO `ciudad` (departamento,nombre) VALUES (25,'VILLAGOMEZ ');
        INSERT INTO `ciudad` (departamento,nombre) VALUES (54,'VILLA CARO ');
        INSERT INTO `ciudad` (departamento,nombre) VALUES (41,'VILLAVIEJA ');
        INSERT INTO `ciudad` (departamento,nombre) VALUES (68,'VILLANUEVA ');
        INSERT INTO `ciudad` (departamento,nombre) VALUES (5,'VIGIA DEL FUERTE ');
        INSERT INTO `ciudad` (departamento,nombre) VALUES (13,'VILLANUEVA ');
        INSERT INTO `ciudad` (departamento,nombre) VALUES (17,'VILLAMARIA ');
        INSERT INTO `ciudad` (departamento,nombre) VALUES (25,'VILLAPINZON ');
        INSERT INTO `ciudad` (departamento,nombre) VALUES (73,'VILLARRICA Tolima');
        INSERT INTO `ciudad` (departamento,nombre) VALUES (44,'VILLANUEVA ');
        INSERT INTO `ciudad` (departamento,nombre) VALUES (54,'VILLA DEL ROSARIO ');
        INSERT INTO `ciudad` (departamento,nombre) VALUES (25,'VILLETA ');
        INSERT INTO `ciudad` (departamento,nombre) VALUES (17,'VITERBO ');
        INSERT INTO `ciudad` (departamento,nombre) VALUES (25,'VIOTA ');
        INSERT INTO `ciudad` (departamento,nombre) VALUES (15,'VIRACACHA ');
        INSERT INTO `ciudad` (departamento,nombre) VALUES (94,'SAN FELIPE ');
        INSERT INTO `ciudad` (departamento,nombre) VALUES (94,'PUERTO COLOMBIA ');
        INSERT INTO `ciudad` (departamento,nombre) VALUES (5,'YALI ');
        INSERT INTO `ciudad` (departamento,nombre) VALUES (25,'YACOPI ');
        INSERT INTO `ciudad` (departamento,nombre) VALUES (41,'YAGUARA ');
        INSERT INTO `ciudad` (departamento,nombre) VALUES (52,'YACUANQUER ');
        INSERT INTO `ciudad` (departamento,nombre) VALUES (86,'VILLAGARZON ');
        INSERT INTO `ciudad` (departamento,nombre) VALUES (94,'LA GUADALUPE ');
        INSERT INTO `ciudad` (departamento,nombre) VALUES (94,'CACAHUAL ');
        INSERT INTO `ciudad` (departamento,nombre) VALUES (5,'YARUMAL ');
        INSERT INTO `ciudad` (departamento,nombre) VALUES (94,'PANA PANA ');
        INSERT INTO `ciudad` (departamento,nombre) VALUES (94,'MORICHAL ');
        INSERT INTO `ciudad` (departamento,nombre) VALUES (97,'YAVARATE ');
        INSERT INTO `ciudad` (departamento,nombre) VALUES (5,'YOLOMBO ');
        INSERT INTO `ciudad` (departamento,nombre) VALUES (76,'YOTOCO ');
        INSERT INTO `ciudad` (departamento,nombre) VALUES (76,'YUMBO ');
        INSERT INTO `ciudad` (departamento,nombre) VALUES (5,'YONDO ');
        INSERT INTO `ciudad` (departamento,nombre) VALUES (13,'ZAMBRANO ');
        INSERT INTO `ciudad` (departamento,nombre) VALUES (5,'ZARAGOZA ');
        INSERT INTO `ciudad` (departamento,nombre) VALUES (68,'ZAPATOCA ');
        INSERT INTO `ciudad` (departamento,nombre) VALUES (76,'ZARZAL ');
        INSERT INTO `ciudad` (departamento,nombre) VALUES (15,'ZETAQUIRA ');
        INSERT INTO `ciudad` (departamento,nombre) VALUES (25,'ZIPACON ');
        INSERT INTO `ciudad` (departamento,nombre) VALUES (25,'ZIPAQUIRA ');
        INSERT INTO `ciudad` (departamento,nombre) VALUES (47,'ZAPAYAN ');
        INSERT INTO `ciudad` (departamento,nombre) VALUES (47,'ZONA BANANERA ');
        
        INSERT INTO `tercero` VALUES (1,1,1,'Tercero Por Defecto','Tercero Por Defecto',13,4,'0','0',NULL,NULL,1);

	INSERT INTO `m_mcontable`.`papelimpresion` (`descripcion`) VALUES ('Media Carta');